nid,pid,date_raw,year_start,year_end,is_range,nature,unit,geo_status,place_cjk,owner,seller,buyer,owner_n,seller_n,buyer_n,is_lease,place_full,extent,box_folder,title,url,iiif_manifest,doc_type,principal_parties,officials,status_titles,middlemen,scribes,witnesses,has_official,has_local_functionary,has_gentry,has_landlord,has_tenant,has_merchant,has_collective,female_persons,kin_transaction,persons_n,persons_detail,identity_notes,identity_confidence
83791,pitt:31735064607413,1886,1886,1886,,Government,福清,ok,福建省福清縣,高恭地,,,1,0,0,,福建省福清縣[Fujian Sheng Fuqing Xian],1 item,"Box 2, Folder 60",Owner: 高恭地[GAO Gongdi] -- Place: 福建省福清縣[Fujian Sheng Fuqing Xian] -- Government,https://digital.library.pitt.edu/islandora/object/pitt:31735064607413,https://digital.library.pitt.edu/node/83791/manifest,契尾/稅契憑證,業主/產權人 高恭地（一般民戶）,福建布政使司,,,,,Y,,,,,,,,不明,2,高恭地[業主/產權人/一般民戶] | 福建布政使司[簽發/核准官員/官員/官府],契尾；標的為高山市街聖蓮店一間（店屋）,中
83792,pitt:31735064607421,1946/1951,1946,1951,Y,Government,福清,ok,福建省福清縣,,張學車,陳書寶 | 張學車,0,1,2,,福建省福清縣 [Fujian Sheng Fuqing Xian],1 item,"Box 4, Folder 173",Seller: 張學車 [ZHANG Xueche] -- Buyer: 陳書寶 [CHEN Shubao] and 張學車 [ZHANG Xueche] -- Place: 福建省福清縣 [Fujian Sheng Fuqing Xian] -- Government,https://digital.library.pitt.edu/islandora/object/pitt:31735064607421,https://digital.library.pitt.edu/node/83792/manifest,賣斷契,賣方 張學車（一般民戶） | 買方 陳書寶（一般民戶）,福州市長,,,,,Y,,,,,,,,非親屬,4,張學車[賣方/一般民戶] | 陳書寶[買方/一般民戶] | 王依增[其他/一般民戶] | 市長[簽發/核准官員/官員/官府],城市店屋(五甲街)轉賣；賣方35年買自王依增店屋，因別置轉賣；附上手斷契多紙；官契紙由市長發給,中
83793,pitt:31735064607439,1929,1929,1929,,Government,古田,ok,福建省古田縣,林枝貴,,,1,0,0,,福建省古田縣 [Fujian Sheng Gutian Xian],1 item,"Box 3, Folder 139",Owner: 林枝貴 [LIN Zhigui] -- Place: 福建省古田縣 [Fujian Sheng Gutian Xian] -- Government,https://digital.library.pitt.edu/islandora/object/pitt:31735064607439,https://digital.library.pitt.edu/node/83793/manifest,契尾/稅契憑證,業主/產權人 林枝貴（一般民戶）,福建財政廳 | 財政部,,,,,Y,,,,,,,,不明,2,林枝貴[業主/產權人/一般民戶] | 福建財政廳[簽發/核准官員/官員/官府],民國十年驗稅契證；OCR作業戶「林枝秀」，目錄作林枝貴；產價一萬餘元,高
83794,pitt:31735064607447,1866,1866,1866,,Personal,閩侯（閩縣・侯官・林森）,ok,福建省閩邑,,林春源,,0,1,0,,福建省閩邑 [Fujian Sheng Min Yi],1 item,"Box 1, Folder 41",Seller: 林春源 [LIN Chunyuan] -- Place: 福建省閩邑 [Fujian Sheng Min Yi] -- Personal,https://digital.library.pitt.edu/islandora/object/pitt:31735064607447,https://digital.library.pitt.edu/node/83794/manifest,賣斷契,賣方 林春源（一般民戶） | 買方 王家（一般民戶）,,,陳友梅,張秉中,長發（賣方之堂叔） | 春榮（賣方之堂弟）,,,,,,,,,非親屬,6,林春源[賣方/一般民戶] | 王家[買方/一般民戶] | 長發[在見/知見/一般民戶/賣方之堂叔] | 春榮[在見/知見/一般民戶/賣方之堂弟] | 陳友梅[中人/一般民戶] | 張秉中[代筆/一般民戶],承父遺破屋殘地因乏用賣與鄰店王家；署名處有「地保」字樣但未見人名；堂叔堂弟在見,高
83795,pitt:31735064607454,1862,1862,1862,,Personal,,unlabeled,,,张华富,,0,1,0,,,1 item,"Box 1, Folder 36",Seller: 张华富 [ZHANG Huafu] -- Personal,https://digital.library.pitt.edu/islandora/object/pitt:31735064607454,https://digital.library.pitt.edu/node/83795/manifest,賣斷契,賣方 張華富（一般民戶） | 買方 程金寶（一般民戶）,,,張喜孫 | 張華春,詹王佐,張華應,,,,,,,,,非親屬,6,張華富[賣方/一般民戶] | 程金寶[買方/一般民戶] | 張喜孫[中人/一般民戶] | 張華春[中人/一般民戶] | 張華應[在見/知見/一般民戶] | 詹王佐[代筆/一般民戶],承祖遺茶山因缺錢應用賣斷外姓；說諭人、中人、在見皆張姓族人,高
83796,pitt:31735064607462,1931,1931,1931,,Personal,,unlabeled,,,高天钏,郑祚龙,0,1,1,,,1 item,"Box 3, Folder 142",Seller: 高天钏 [GAO Tianchuan] -- Buyer: 郑祚龙 [ZHENG Zuolong] -- Personal,https://digital.library.pitt.edu/islandora/object/pitt:31735064607462,https://digital.library.pitt.edu/node/83796/manifest,賣斷契,賣方 高天釧（一般民戶） | 買方 鄭祚龍（一般民戶）,,,,高信釗（賣方之族姪）,高居碑（賣方之兄）,,,,,,,,,非親屬,4,高天釧[賣方/一般民戶] | 鄭祚龍[買方/一般民戶] | 高居碑[在見/知見/一般民戶/賣方之兄] | 高信釗[代筆/一般民戶/賣方之族姪],送字永遠墳地契，承祖純剛公派下山地因要用送友鄭祚龍造墳；OCR作天釗,中
83797,pitt:31735064607470,1887,1887,1887,,Personal,閩侯（閩縣・侯官・林森）,ok,福建省閩縣,,王錦發,王錦枝,0,1,1,,福建省閩縣 [Fujian Sheng Min Xian ],1 item,"Box 2, Folder 63",Seller: 王錦發 [WANG Jinfa] -- Buyer: 王錦枝 [WANG Jinzhi] -- Place: 福建省閩縣 [Fujian Sheng Min Xian ] -- Personal,https://digital.library.pitt.edu/islandora/object/pitt:31735064607470,https://digital.library.pitt.edu/node/83797/manifest,賣斷契,賣方 王錦發（一般民戶） | 買方 王錦枝（一般民戶，賣方之堂兄）,,,林細弟,李逢銓,林氏（賣方之母） | 王森發（賣方之胞弟） | 王俊發（賣方之堂兄） | 王永發（賣方之堂兄）,,,,,,,,林氏,族內/親屬間,9,王錦發[賣方/一般民戶] | 王錦枝[買方/一般民戶/賣方之堂兄] | 林氏[在見/知見/一般民戶/賣方之母] | 王森發[在見/知見/一般民戶/賣方之胞弟] | 王俊發[在見/知見/一般民戶/賣方之堂兄] | 王永發[在見/知見/一般民戶/賣方之堂兄] | 林細弟[中人/一般民戶] | 李逢銓[代筆/一般民戶] | 林春源[其他/一般民戶],祖遺闔分店面半間因要用賣斷與堂兄；母知契；併繳林春源典斷契,高
83798,pitt:31735064607488,1890,1890,1890,,Government,閩侯（閩縣・侯官・林森）,ok,福建省閩邑縣,,吳開成,陳氏,0,1,1,,福建省閩邑（縣） [Fujian Sheng Min Xian],1 item,"Box 2, Folder 71",Seller: 吳開成 [WU Kaicheng] -- Buyer: 陳氏 [Chenshi] -- Place: 福建省閩邑（縣） [Fujian Sheng Min Xian] -- Government,https://digital.library.pitt.edu/islandora/object/pitt:31735064607488,https://digital.library.pitt.edu/node/83798/manifest,賣斷契,賣方 吳開成（一般民戶） | 賣方 瑞枝（一般民戶，賣方之姪） | 賣方 長庚（一般民戶，賣方之姪） | 買方 陳氏（一般民戶）,,,李懷鏡,林枝三,洪氏（賣方之嫂） | 陳氏(知契嫂)（賣方之嫂） | 陳清霖（賣方之親友）,,,,,,,,洪氏 | 陳氏(知契嫂),非親屬,15,"吳開成[賣方/一般民戶] | 瑞枝[賣方/一般民戶/賣方之姪] | 長庚[賣方/一般民戶/賣方之姪] | 陳氏[買方/一般民戶] | 洪氏[在見/知見/一般民戶/賣方之嫂] | 陳氏(知契嫂)[在見/知見/一般民戶/賣方之嫂] | 吳開揚[其他/一般民戶/賣方之兄(已故,原典出)] | 陳清霖[在見/知見/一般民戶/賣方之親友] | 李懷鏡[中人/一般民戶] | 林枝三[代筆/一般民戶] | 陳世旺[其他/一般民戶] | 鄭茂城[其他/一般民戶] | 魏振發[其他/一般民戶] | 劉嘉茂[其他/一般民戶] | 吳標標[其他/一般民戶]","祖遺厝屋先典與陳鄭魏等,今贖回賣斷與陳家;附繳25紙上手契;OCR署同治玖年與目錄1890不符",中
83799,pitt:31735064607496,1900,1900,1900,,Government,閩侯（閩縣・侯官・林森）,ok,福建省閩邑縣,,鄒允春,和意軒老人會,0,1,1,,福建省閩邑（縣） [Fujian Sheng Min Xian ],1 item,"Box 2, Folder 82",Seller: 鄒允春 [ZOU Yunchun] -- Buyer: 和意軒老人會 [Heyixuan Laorenhui] -- Place: 福建省閩邑（縣） [Fujian Sheng Min Xian ] -- Government,https://digital.library.pitt.edu/islandora/object/pitt:31735064607496,https://digital.library.pitt.edu/node/83799/manifest,賣斷契,賣方 鄒允春（一般民戶） | 買方 和意軒老人會（宗族/祠堂/會社）,,,王伊細,李松軒,黃公弼（賣方之表弟）,,,,,,,Y,,非親屬,6,鄒允春[賣方/一般民戶] | 和意軒老人會[買方/宗族/祠堂/會社] | 黃公弼[在見/知見/一般民戶/賣方之表弟] | 王伊細[中人/一般民戶] | 李松軒[代筆/一般民戶] | 張銓銓[其他/一般民戶],買方為老人會(會社)集體購置厝屋;賣方賣父手置屋因要用;光緒26年,高
83801,pitt:31735064607504,1918,1918,1918,,Government,閩侯（閩縣・侯官・林森）,ok,福建省閩侯縣,,陳燦祥,吳,0,1,1,,福建省閩侯縣 [Fujian Sheng Minhou Xian ],1 item,"Box 2, Folder 108",Seller: 陳燦祥 [CHEN Canxiang] -- Buyer: 吳 [WU] -- Place: 福建省閩侯縣 [Fujian Sheng Minhou Xian ] -- Government,https://digital.library.pitt.edu/islandora/object/pitt:31735064607504,https://digital.library.pitt.edu/node/83801/manifest,典契,典出方 陳燦祥（一般民戶） | 典入方 吳（一般民戶）,閩侯縣,,吳維清,,,Y,Y,,,,,,,不明,5,陳燦祥[典出方/一般民戶] | 吳[典入方/一般民戶] | 吳維清[中人/一般民戶] | 陶筱泉[經辦/登記人員/基層職役] | 閩侯縣[簽發/核准官員/官員/官府],"官頒典契紙;典出牆屋於橫街舖茶葉衙,典價七百元;後由其母陳吳氏湊斷與吳右岩(見7373)",中
83802,pitt:31735064607512,1924,1924,1924,,Government,閩侯（閩縣・侯官・林森）,ok,福建省閩侯縣,,王三妹,陳軍漢,0,1,1,,福建省閩侯縣 [Fujian Sheng Minhou Xian],1 item,"Box 3, Folder 119",Seller: 王三妹 [WANG Sanmei] -- Buyer: 陳軍漢 [CHEN Junhan] -- Place: 福建省閩侯縣 [Fujian Sheng Minhou Xian] -- Government,https://digital.library.pitt.edu/islandora/object/pitt:31735064607512,https://digital.library.pitt.edu/node/83802/manifest,典契,典出方 王三妹（一般民戶） | 典入方 陳軍漢（一般民戶）,閩侯縣徵收官署（典契紙）,,林武欽 | 王斌斌,,王繼保（典出方之生父）,Y,,,,,,,,非親屬,8,王三妹[典出方/一般民戶] | 陳軍漢[典入方/一般民戶] | 林武欽[中人/一般民戶] | 王斌斌[中人/一般民戶] | 王繼保[在見/知見/一般民戶/典出方之生父] | 王齊發[其他/一般民戶] | 郭宗付[其他/一般民戶] | 閩侯縣徵收官署[簽發/核准官員/官員/官府],承繼父遺民屋典出五年限贖；知契者為生父（出繼）；附典契稅單,高
83803,pitt:31735064607520,1876,1876,1876,,Government,永安,ok,福建省永安縣,,祿中,,0,1,0,,福建省永安縣 [Fujian Sheng Yongan Xian],1 item,"Box 2, Folder 55",Seller: 祿中 [Luzhong] -- Place: 福建省永安縣 [Fujian Sheng Yongan Xian] -- Government,https://digital.library.pitt.edu/islandora/object/pitt:31735064607520,https://digital.library.pitt.edu/node/83803/manifest,賣斷契,賣方 祿中（一般民戶） | 買方 吉昌（一般民戶，賣方之本家兄）,,,,海中,蘇氏（賣方之母）,,,,,,,,蘇氏,族內/親屬間,4,祿中[賣方/一般民戶] | 吉昌[買方/一般民戶/賣方之本家兄] | 海中[代筆/一般民戶] | 蘇氏[在見/知見/一般民戶/賣方之母],杜賣父分田皮骨與本家兄吉昌；因少銀使用；母蘇氏在堂見證,高
83804,pitt:31735064607538,1761/1762,1761,1762,Y,Government,永定,ok,福建省永定縣,,許瓊栢,吳省忠,0,1,1,,福建省永定縣 [Fujian Sheng Yongding Xian],1 item,"Box 1, Folder 5",Seller: 許瓊栢 [XU Qiongbai] -- Buyer: 吳省忠 [WU Shengzhong] -- Place: 福建省永定縣 [Fujian Sheng Yongding Xian] -- Government,https://digital.library.pitt.edu/islandora/object/pitt:31735064607538,https://digital.library.pitt.edu/node/83804/manifest,賣斷契,賣方 許瓊栢（一般民戶） | 賣方 許學明（一般民戶，賣方之兄弟(?)） | 賣方 許利錫（一般民戶，賣方之兄弟(?)） | 買方 吳省忠（一般民戶） | 業主/產權人 吳有德（一般民戶）,福建等處承宣布政使司 | 河南布政使高爾隆(契尾奏文),,官盛清,,許芳相（賣方房戶）,Y,,,,,,,,非親屬,8,許瓊栢[賣方/一般民戶] | 許學明[賣方/一般民戶/賣方之兄弟(?)] | 許利錫[賣方/一般民戶/賣方之兄弟(?)] | 吳省忠[買方/一般民戶] | 官盛清[中人/一般民戶] | 許芳相[在見/知見/一般民戶/賣方房戶] | 吳有德[業主/產權人/一般民戶] | 福建等處承宣布政使司[簽發/核准官員/官員/官府],祖遺山埔墳穴賣與吳省忠叔姪；附乾隆27年契尾，給吳有德,中
83805,pitt:31735064607546,1760/1767,1760,1767,Y,Government,閩清,ok,福建省閩清縣,黃毓扆,,,1,0,0,,福建省閩清縣 [Fujian Sheng Minqing Xian],1 item,"Box 1, Folder 4",Owner: 黃毓扆 [HUANG Yuyi] -- Place: 福建省閩清縣 [Fujian Sheng Minqing Xian] -- Government,https://digital.library.pitt.edu/islandora/object/pitt:31735064607546,https://digital.library.pitt.edu/node/83805/manifest,典契,典出方 黃毓扆（地主/出租業主） | 典入方 葉（地主/出租業主，典出方之表伯）,,,薛宜章,,劉有臺 | 謝朝尊,,,,Y,Y,,,,族內/親屬間,8,黃毓扆[典出方/地主/出租業主] | 葉[典入方/地主/出租業主/典出方之表伯] | 陳朝彩[其他/佃戶] | 許維實[其他/佃戶] | 林子為[其他/佃戶] | 薛宜章[中人/一般民戶] | 劉有臺[在見/知見/一般民戶] | 謝朝尊[在見/知見/一般民戶],承祖民田連佃典出，典主會佃收租；後立湊字向葉表伯加湊延限，親屬間典,中
83806,pitt:31735064607553,1940,1940,1940,,Personal,,unlabeled,,,藍維乾 | 藍維坤,吳淮棉,0,2,1,,,1 item,"Box 3, Folder 162",Seller: 藍維乾 [LAN Weiqian] and 藍維坤 [LAN Weikun] -- Buyer: 吳淮棉 [WU Huaimian] -- Personal,https://digital.library.pitt.edu/islandora/object/pitt:31735064607553,https://digital.library.pitt.edu/node/83806/manifest,賣斷契,賣方 藍維乾（一般民戶） | 賣方 藍維坤（一般民戶） | 買方 吳淮棉（一般民戶）,,,吳淮西,陳鳳英,世錄（賣方之叔）,,,,,,,,,非親屬,6,藍維乾[賣方/一般民戶] | 藍維坤[賣方/一般民戶] | 吳淮棉[買方/一般民戶] | 世錄[在見/知見/一般民戶/賣方之叔] | 吳淮西[中人/一般民戶] | 陳鳳英[代筆/一般民戶],兄弟出賣承祖山園；買主可另召佃耕作並擇吉穴安葬；國幣計價,中
83807,pitt:31735064607561,1917,1917,1917,,Personal,,unlabeled,,,維衜,,0,1,0,,,1 item,"Box 2, Folder 105",Seller: 維衜 [Weidao] -- Personal,https://digital.library.pitt.edu/islandora/object/pitt:31735064607561,https://digital.library.pitt.edu/node/83807/manifest,賣斷契,賣方 維衜（一般民戶） | 買方 勳懷（一般民戶，賣方之叔祖）,,,,陳端率,維壽（賣方之胞弟） | 維炎（賣方之胞弟） | 長善（賣方之子）,,,,,,,,,族內/親屬間,6,維衜[賣方/一般民戶] | 勳懷[買方/一般民戶/賣方之叔祖] | 維壽[在見/知見/一般民戶/賣方之胞弟] | 維炎[在見/知見/一般民戶/賣方之胞弟] | 長善[在見/知見/一般民戶/賣方之子] | 陳端率[代筆/一般民戶],侄孫將祖遺茄種園賣斷與叔祖，族內交易；陳端率代筆兼中,中
83808,pitt:31735064607579,1805/1816,1805,1816,Y,Government,閩侯（閩縣・侯官・林森）,ok,福建省閩縣,吳秉鑒,吳秉鑒,謝先經,1,1,1,,福建省閩縣 [Fujian Sheng Min Xian],1 item,"Box 1, Folder 16",Owner: 吳秉鑒 [WU Bingjian] -- Seller: 吳秉鑒 [WU Bingjian] -- Buyer: 謝先經 [XIE Xianjing] -- Place: 福建省閩縣 [Fujian Sheng Min Xian] -- Government,https://digital.library.pitt.edu/islandora/object/pitt:31735064607579,https://digital.library.pitt.edu/node/83808/manifest,典契,典出方 吳秉鑒（一般民戶） | 典入方 謝先經（一般民戶）,,,鄭長梅 | 金存國 | 鄭捷登,林學經,王氏（賣方之母） | 吳秉鈞（賣方之胞弟）,,,,,,,,王氏,非親屬,9,吳秉鑒[典出方/一般民戶] | 王氏[在見/知見/一般民戶/賣方之母] | 吳秉鈞[在見/知見/一般民戶/賣方之胞弟] | 謝先經[典入方/一般民戶] | 鄭長梅[中人/一般民戶] | 金存國[中人/一般民戶] | 鄭捷登[中人/一般民戶] | 林學經[代筆/一般民戶] | 涂正[其他/一般民戶],嘉慶十年轉典契，僅存落款；知契母王氏、胞弟同署,中
83809,pitt:31735064607587,1871/1913,1871,1913,Y,Government,閩侯（閩縣・侯官・林森）,ok,福建省閩侯縣,,方元慈,方潮濤,0,1,1,,福建省閩侯縣 [Fujian Sheng Minhou Xian],1 item,"Box 1, Folder 50",Seller: 方元慈 [FANG Yuanci] -- Buyer: 方潮濤 [FANG Chaotao] -- Place: 福建省閩侯縣 [Fujian Sheng Minhou Xian] -- Government,https://digital.library.pitt.edu/islandora/object/pitt:31735064607587,https://digital.library.pitt.edu/node/83809/manifest,賣斷契,賣方 方元慈（一般民戶） | 買方 方潮濤（一般民戶，賣方之兄）,福建國稅廳籌備處 | 福建省政府財政廳 | 閩侯縣政府,,方濃官（賣方之族叔）,孫佳亨,許氏（賣方之母） | 趙氏（賣方之嫂）,Y,,,,,,,許氏 | 趙氏,族內/親屬間,8,方元慈[賣方/一般民戶] | 方潮濤[買方/一般民戶/賣方之兄] | 方濃官[中人/一般民戶/賣方之族叔] | 許氏[在見/知見/一般民戶/賣方之母] | 趙氏[在見/知見/一般民戶/賣方之嫂] | 孫佳亨[代筆/一般民戶] | 福建國稅廳籌備處[簽發/核准官員/官員/官府] | 福建省政府財政廳[簽發/核准官員/官員/官府],同治十年弟賣根面全田與兄，族叔為中，母嫂在見；民國二年契單、後驗契證；買方OCR作潮清,中
83810,pitt:31735064607595,1932,1932,1932,,Government,閩清,ok,福建省閩清縣,,劉振萬,劉紀臣,0,1,1,,福建省閩清縣 [Fujian Sheng Minqing Xian],1 item,"Box 3, Folder 145",Seller: 劉振萬 [LIU Zhenwan] -- Buyer: 劉紀臣 [LIU jichen] -- Place: 福建省閩清縣 [Fujian Sheng Minqing Xian] -- Government,https://digital.library.pitt.edu/islandora/object/pitt:31735064607595,https://digital.library.pitt.edu/node/83810/manifest,賣斷契,賣方 劉振萬（一般民戶） | 買方 劉紀臣（一般民戶）,財政部福建省縣(市)田賦管理處,,劉培貴（賣方之叔）,劉振財（賣方之弟）,劉維興（賣方之姪）,Y,,,,,,,,不明,6,劉振萬[賣方/一般民戶] | 劉紀臣[買方/一般民戶] | 劉維興[在見/知見/一般民戶/賣方之姪] | 劉培貴[中人/一般民戶/賣方之叔] | 劉振財[代筆/一般民戶/賣方之弟] | 財政部福建省田賦管理處[簽發/核准官員/官員/官府],"自置民田因要用賣斷;中人、代筆、在見皆賣方親屬,買方同姓但未言親屬",中
83811,pitt:31735064607603,,,,,Government,,unresolved,福建省,,,,0,0,0,,福建省 [Fujian Sheng],1 item,"Box 4, Folder 211",Place: 福建省 [Fujian Sheng] -- Government,https://digital.library.pitt.edu/islandora/object/pitt:31735064607603,https://digital.library.pitt.edu/node/83811/manifest,產權證/執照/登記,,福建省政府民政廳 | 福建省人民政府委員會,,,,,Y,,,,,,,,不明,2,福建省政府民政廳[簽發/核准官員/官員/官府] | 福建省人民政府委員會[其他/官員/官府],"福建省會宅地實測戶地圖,所有權狀禮字號,無業主姓名",中
83812,pitt:31735064607611,1925,1925,1925,,Government,閩侯（閩縣・侯官・林森）,ok,福建省閩侯縣,,張銓銓,鄒道明,0,1,1,,福建省閩侯縣 [Fujian Sheng Minhou Xian],1 item,"Box 3, Folder 123",Seller: 張銓銓 [ZHANG Quanquan] -- Buyer: 鄒道明 [ZOU Daoming] -- Place: 福建省閩侯縣 [Fujian Sheng Minhou Xian] -- Government,https://digital.library.pitt.edu/islandora/object/pitt:31735064607611,https://digital.library.pitt.edu/node/83812/manifest,賣斷契,賣方 張銓銓（一般民戶） | 買方 鄒道明（一般民戶）,,,,,,,,,,,,,,非親屬,2,張銓銓[賣方/一般民戶] | 鄒道明[買方/一般民戶],承嗣父遺厝屋因別用賣斷；民國新頒契紙買主欄似載協廣軒(商號?)，OCR亂,中
83813,pitt:31735064607629,1898,1898,1898,,Personal,,unlabeled,,,蘇章林,劉仕懋,0,1,1,,,1 item,"Box 2, Folder 80",Seller: 蘇章林 [SU Zhanglin] -- Buyer: 劉仕懋 [LIU Shimao] -- Personal,https://digital.library.pitt.edu/islandora/object/pitt:31735064607629,https://digital.library.pitt.edu/node/83813/manifest,賣契(活賣),賣方 蘇章林（一般民戶） | 買方 劉仕懋（一般民戶）,,,劉仕德,邱宗海,,,,,,,,,,非親屬,5,蘇章林[賣方/一般民戶] | 劉仕懋[買方/一般民戶] | 劉仕德[中人/一般民戶] | 邱宗海[代筆/一般民戶] | 蘇廷林[其他/一般民戶],祖遺晚田因缺銀出賣，約三冬取贖；糧存蘇廷林戶名；說諭人與買方同姓劉；契價紋銀叁拾貳兩,高
83814,pitt:31735064607637,1945,1945,1945,,Government,永泰（永福）,ok,福建省永泰縣,葉文怡,,,1,0,0,,福建省永泰縣 [Fujian Sheng Yongtai Xian],1 item,"Box 3, Folder 167",Owner: 葉文怡 [YE Wenyi] -- Place: 福建省永泰縣 [Fujian Sheng Yongtai Xian] -- Government,https://digital.library.pitt.edu/islandora/object/pitt:31735064607637,https://digital.library.pitt.edu/node/83814/manifest,產權證/執照/登記,業主/產權人 葉文怡（一般民戶）,永泰縣政府 | 永泰縣縣長兼處長,,,,,Y,,,,,,,,不明,3,葉文怡[業主/產權人/一般民戶] | 永泰縣政府[簽發/核准官員/官員/官府] | 永泰縣縣長兼處長[簽發/核准官員/官員/官府],1945土地陳報後發管業執照（基地）；附1963年農業收入支款憑證,中
83816,pitt:31735064607645,1891,1891,1891,,Personal,,unlabeled,,林萬開,,,1,0,0,,,1 item,"Box 2, Folder 74",Owner: 林萬開 [LIN Wankai] -- Personal,https://digital.library.pitt.edu/islandora/object/pitt:31735064607645,https://digital.library.pitt.edu/node/83816/manifest,分家/鬮書,業主/產權人 林萬開（地主/出租業主） | 業主/產權人 林萬拱（一般民戶，林萬開之弟） | 業主/產權人 林萬欽（一般民戶，林萬開之弟） | 承租/承佃方 林可廷（佃戶） | 承租/承佃方 林克品（佃戶） | 承租/承佃方 王鳳灼（佃戶） | 承租/承佃方 蘇長育（佃戶） | 承租/承佃方 李木韶（佃戶） | 承租/承佃方 張慶壽（佃戶） | 承租/承佃方 王聯環（佃戶） | 承租/承佃方 王聯豪（佃戶） | 承租/承佃方 林昌興（佃戶）,,,,林可舉（林萬開之姪）,林昌意（族長;林萬開之堂叔） | 林萬順（林萬開之堂弟） | 林可娘（林萬開之堂姪） | 塗振海（林萬開之外甥） | 蕭慶金（林萬開之姪婿） | 李茂炳,,,,Y,Y,,,,族內/親屬間,21,林萬開[業主/產權人/地主/出租業主] | 林萬拱[業主/產權人/一般民戶/林萬開之弟] | 林萬欽[業主/產權人/一般民戶/林萬開之弟] | 林昌意[在見/知見/一般民戶/族長;林萬開之堂叔] | 林萬順[在見/知見/一般民戶/林萬開之堂弟] | 林可娘[在見/知見/一般民戶/林萬開之堂姪] | 塗振海[在見/知見/一般民戶/林萬開之外甥] | 蕭慶金[在見/知見/一般民戶/林萬開之姪婿] | 李茂炳[在見/知見/一般民戶] | 林可舉[代筆/一般民戶/林萬開之姪] | 林可廷[承租/承佃方/佃戶] | 林克品[承租/承佃方/佃戶] | 王鳳灼[承租/承佃方/佃戶] | 蘇長育[承租/承佃方/佃戶] | 李木韶[承租/承佃方/佃戶] | 張慶壽[承租/承佃方/佃戶] | 王聯環[承租/承佃方/佃戶] | 王聯豪[承租/承佃方/佃戶] | 林昌興[承租/承佃方/佃戶] | 林克江[其他/一般民戶] | 楊定亨[其他/一般民戶],"福祿壽三房鬮分,撥長子長孫份;田多有現耕佃人,另向王、李、陳、林家納面租(一田二主);祖墓風水樹禁伐;族長在見",中
83817,pitt:31735064607652,1798,1798,1798,,Government,建陽,ok,福建省建陽縣,,劉盛章,劉咸安 | 劉道建,0,1,2,,福建省建陽縣 [Fujian Sheng Jianyang Xian],1 item,"Box 1, Folder 11",Seller: 劉盛章 [LIU Shengzhang] --Buyer: 劉咸安 [LIU Xian'an] and 劉道建 [LIU Daojian] -- Place: 福建省建陽縣 [Fujian Sheng Jianyang Xian] -- Government,https://digital.library.pitt.edu/islandora/object/pitt:31735064607652,https://digital.library.pitt.edu/node/83817/manifest,找貼/加找契,賣方 劉盛章（一般民戶） | 買方 劉咸安（一般民戶，賣方之族人） | 買方 劉道建（一般民戶，賣方之族人）,,,劉如萬,,,,,,,,,,,族內/親屬間,4,劉盛章[賣方/一般民戶] | 劉咸安[買方/一般民戶/賣方之族人] | 劉道建[買方/一般民戶/賣方之族人] | 劉如萬[中人/一般民戶],前年賣斷朽屋地基，因缺銀向本族買主增找杜斷；原中兼代字,中
83818,pitt:31735064607660,1805,1805,1805,,Government,建陽,ok,福建省建陽縣,劉咸安,,,1,0,0,,福建省建陽縣 [Fujian Sheng Jianyang Xian],1 item,"Box 1, Folder 13",Owner: 劉咸安 [LIU Xian'an] -- Place: 福建省建陽縣 [Fujian Sheng Jianyang Xian] -- Government,https://digital.library.pitt.edu/islandora/object/pitt:31735064607660,https://digital.library.pitt.edu/node/83818/manifest,契尾/稅契憑證,業主/產權人 劉咸安（一般民戶）,福建等處承宣布政使司 | 建陽縣,,,,,Y,,,,,,,,不明,5,劉咸安[業主/產權人/一般民戶] | 劉成資[其他/一般民戶] | 劉盛平[其他/一般民戶] | 福建等處承宣布政使司[簽發/核准官員/官員/官府] | 建陽縣[簽發/核准官員/官員/官府],"OCR嚴重錯亂(年號誤作嘉靖),疑為契尾;業主OCR作劉成安",低
83819,pitt:31735064607678,1782,1782,1782,,Government,建陽,ok,福建省建陽縣,,應梓龍,劉繼伍,0,1,1,,福建省建陽縣 [Fujian Sheng Jianyang Xian],1 item,"Box 1, Folder 9",Seller: 應梓龍 [YING Zilong] -- Buyer: 劉繼伍 [LIU Jiwu] -- Place: 福建省建陽縣 [Fujian Sheng Jianyang Xian] -- Government,https://digital.library.pitt.edu/islandora/object/pitt:31735064607678,https://digital.library.pitt.edu/node/83819/manifest,找貼/加找契,賣方 應梓龍（一般民戶） | 買方 劉繼伍（一般民戶）,,,劉禮雲 | 劉兆華,徐遇萬,應梓明,,,,,,,,,非親屬,6,應梓龍[賣方/一般民戶] | 劉繼伍[買方/一般民戶] | 應梓明[在見/知見/一般民戶] | 劉禮雲[中人/一般民戶] | 劉兆華[中人/一般民戶] | 徐遇萬[代筆/一般民戶],乾隆增找杜斷契；因無銀完編向原買主增找；OCR作劉維伍；中人劉氏與買方同姓,高
83820,pitt:31735064607686,1910,1910,1910,,Government,,unlabeled,,,開保,,0,1,0,,,1 item,"Box 2, Folder 91",Seller: 開保 [Kaibao] -- Government,https://digital.library.pitt.edu/islandora/object/pitt:31735064607686,https://digital.library.pitt.edu/node/83820/manifest,典契,典出方 開保（一般民戶） | 典入方 朝朋（一般民戶，典出方之叔祖）,,,端率（典出方之族叔） | 開次（典出方之族弟）,,端理（典出方之父）,,,,,,,,,族內/親屬間,6,開保[典出方/一般民戶] | 朝朋[典入方/一般民戶/典出方之叔祖] | 端理[在見/知見/一般民戶/典出方之父] | 端率[中人/一般民戶/典出方之族叔] | 開次[中人/一般民戶/典出方之族弟] | 陳元華[其他/一般民戶],堂侄孫典父分民田與叔祖，因要用；承典人召佃收租；糧掛陳元華甲下,中
83821,pitt:31735064607694,1913,1913,1913,,Government,閩侯（閩縣・侯官・林森）,ok,福建省閩侯縣,,林應香,林萬開,0,1,1,,福建省閩侯縣 [Fujian Sheng Minhou Xian],1 item,"Box 2, Folder 97",Seller: 林應香 [LIN Yingxiang] -- Buyer: 林萬開 [LIN Wankai] -- Place: 福建省閩侯縣 [Fujian Sheng Minhou Xian] -- Government,https://digital.library.pitt.edu/islandora/object/pitt:31735064607694,https://digital.library.pitt.edu/node/83821/manifest,契尾/稅契憑證,業主/產權人 林萬開（一般民戶） | 賣方 林應香（一般民戶）,福建國稅廳籌備處 | 財政部,,陳春雷,,,Y,,,,,,,,不明,4,林萬開[業主/產權人/一般民戶] | 林應香[賣方/一般民戶] | 陳春雷[中人/一般民戶] | 福建國稅廳籌備處[簽發/核准官員/官員/官府],民國二年斷賣契單，補驗舊契；林萬開又見於侯官楊鵬超典契為中友,中
83822,pitt:31735064607702,1906,1906,1906,,Government,閩侯（閩縣・侯官・林森）,ok,福建省閩侯縣,,林為良,林可瓊,0,1,1,,福建省閩侯縣 [Fujian Sheng Minhou Xian],1 item,"Box 2, Folder 87",Seller: 林為良 [LIN Weiliang] -- Buyer: 林可瓊 [LIN Keqiong] -- Place: 福建省閩侯縣 [Fujian Sheng Minhou Xian] -- Government,https://digital.library.pitt.edu/islandora/object/pitt:31735064607702,https://digital.library.pitt.edu/node/83822/manifest,賣斷契,賣方 林為良（一般民戶） | 買方 林可瓊（一般民戶，賣方之族弟）,閩侯縣西門區稅契分局 | 西湖區稅契分局,,劉興國,王清泉,林維屏（賣方之叔）,Y,,,,,,,,族內/親屬間,9,林為良[賣方/一般民戶] | 林可瓊[買方/一般民戶/賣方之族弟] | 林維屏[在見/知見/一般民戶/賣方之叔] | 劉興國[中人/一般民戶] | 王清泉[代筆/一般民戶] | 楊鵬超[其他/一般民戶] | 林可鐫[其他/一般民戶] | 閩侯縣西門區稅契分局[簽發/核准官員/官員/官府] | 西湖區稅契分局[簽發/核准官員/官員/官府],"族內賣斷根面全民田,因要用;蓋稅契分局印;買方屬林萬開家族",中
83823,pitt:31735064607710,1932,1932,1932,,Personal,,unlabeled,,林可昌 | 林可淦,,,2,0,0,,,1 item,"Box 3, Folder 146",Owner: 林可昌 [LIN Kechang] and 林可淦 [LIN Kegan] -- Personal,https://digital.library.pitt.edu/islandora/object/pitt:31735064607710,https://digital.library.pitt.edu/node/83823/manifest,其他,業主/產權人 林可昌（一般民戶） | 業主/產權人 林可淦（一般民戶） | 業主/產權人 福房（宗族/祠堂/會社）,,,,王幼卿,林洽（林可昌之繼弟） | 陳其清 | 王兆鋒 | 王光森 | 林可泉 | 林久機,,,,,,,Y,,不明,11,林可昌[業主/產權人/一般民戶] | 林可淦[業主/產權人/一般民戶] | 福房[業主/產權人/宗族/祠堂/會社] | 林久謝[其他/一般民戶] | 林洽[在見/知見/一般民戶/林可昌之繼弟] | 陳其清[在見/知見/一般民戶] | 王兆鋒[在見/知見/一般民戶] | 王光森[在見/知見/一般民戶] | 林可泉[在見/知見/一般民戶] | 林久機[在見/知見/一般民戶] | 王幼卿[代筆/一般民戶],聲明遺失契據；祖遺鬮分長子長孫份田歸福房管業，供施食等祭祀用；公親議定,中
83824,pitt:31735064607728,1862,1862,1862,,Personal,,unlabeled,,,楊兆通,林,0,1,1,,,1 item,"Box 1, Folder 37",Seller: 楊兆通 [YANG Zhaotong] -- Buyer: 林 [LIN] -- Personal,https://digital.library.pitt.edu/islandora/object/pitt:31735064607728,https://digital.library.pitt.edu/node/83824/manifest,典契,典出方 楊兆通（一般民戶） | 典入方 林（一般民戶）,,,蔡書波 | 劉朝達 | 李兆相,李肇松,允如（典出方之胞弟） | 能波（典出方之堂侄）,,,,Y,,,,,非親屬,10,楊兆通[典出方/一般民戶] | 林[典入方/一般民戶] | 王家[其他/地主/出租業主] | 允如[在見/知見/一般民戶/典出方之胞弟] | 能波[在見/知見/一般民戶/典出方之堂侄] | 蔡書波[中人/一般民戶] | 劉朝達[中人/一般民戶] | 李兆相[中人/一般民戶] | 李肇松[代筆/一般民戶] | 楊昌箴[其他/一般民戶],典出田根（鯽魚坵），田根主須年納向主王家租谷；典主自耕；併繳上手楊昌箴等契,中
83825,pitt:31735064607736,1913,1913,1913,,Government,閩侯（閩縣・侯官・林森）,ok,福建省閩侯縣,,林可瓊,劉興國,0,1,1,,福建省閩侯縣 [Fujian Sheng Minhou Xian],1 item,"Box 2, Folder 94",Seller: 林可瓊 [LIN Keqiong] -- Buyer: 劉興國 [LIU Xingguo] -- Place: 福建省閩侯縣 [Fujian Sheng Minhou Xian] -- Government,https://digital.library.pitt.edu/islandora/object/pitt:31735064607736,https://digital.library.pitt.edu/node/83825/manifest,契尾/稅契憑證,業主/產權人 林可瓊（一般民戶） | 賣方 林為良（一般民戶）,福建國稅廳籌備處 | 財政部,,劉興國,,,Y,,,,,,,,不明,5,林可瓊[業主/產權人/一般民戶] | 林為良[賣方/一般民戶] | 劉興國[中人/一般民戶] | 福建國稅廳籌備處[簽發/核准官員/官員/官府] | 財政部[簽發/核准官員/官員/官府],民國二年驗契契單；光緒卅二年林可瓊買受；目錄列劉興國為買方，原文為中證,中
83826,pitt:31735064607744,1913,1913,1913,,Government,閩侯（閩縣・侯官・林森）,ok,福建省閩侯縣,,王聯鄧,林萬開,0,1,1,,福建省閩侯縣 [Fujian Sheng Minhou Xian],1 item,"Box 2, Folder 95",Seller: 王聯鄧 [WANG Liandeng] -- Buyer: 林萬開 [LIN Wankai] -- Place: 福建省閩侯縣 [Fujian Sheng Minhou Xian] -- Government,https://digital.library.pitt.edu/islandora/object/pitt:31735064607744,https://digital.library.pitt.edu/node/83826/manifest,契尾/稅契憑證,買方 林萬開（一般民戶） | 賣方 王兆熙（一般民戶）,福建國稅廳籌備處 | 財政部,,王聯登,,,Y,,,,,,,,非親屬,5,福建國稅廳籌備處[簽發/核准官員/官員/官府] | 財政部[簽發/核准官員/官員/官府] | 林萬開[買方/一般民戶] | 王兆熙[賣方/一般民戶] | 王聯登[中人/一般民戶],"民國2年驗契契單,補驗光緒20年買受王兆熙田之白契;目錄賣方王聯鄧實為中證王聯登",高
83827,pitt:31735064607751,1884,1884,1884,,Government,閩侯（閩縣・侯官・林森）,ok,福建省侯官縣,,林秋溥,林萬開,0,1,1,,福建省侯官縣 [Fujian Sheng Houguan Xian],1 item,"Box 2, Folder 58",Seller: 林秋溥 [LIN Qiupu] -- Buyer: 林萬開 [LIN Wankai] -- Place: 福建省侯官縣 [Fujian Sheng Houguan Xian] -- Government,https://digital.library.pitt.edu/islandora/object/pitt:31735064607751,https://digital.library.pitt.edu/node/83827/manifest,典契,典出方 林秋溥（地主/出租業主） | 典入方 林萬開（地主/出租業主，典出方之堂兄） | 承租/承佃方 林萬裔（佃戶） | 承租/承佃方 李捷崇（佃戶）,,,王有才,林榮陽（典出方之侄）,林萬拱（典出方之弟）,,,,Y,Y,,,,族內/親屬間,8,林秋溥[典出方/地主/出租業主] | 林萬開[典入方/地主/出租業主/典出方之堂兄] | 何德興[其他/一般民戶] | 林萬裔[承租/承佃方/佃戶] | 李捷崇[承租/承佃方/佃戶] | 林萬拱[在見/知見/一般民戶/典出方之弟] | 王有才[中人/一般民戶] | 林榮陽[代筆/一般民戶/典出方之侄],撥典田面予堂兄，田面有佃戶交租；糧在何德興戶下；原典自何家,高
83828,pitt:31735064607769,1884,1884,1884,,Government,閩侯（閩縣・侯官・林森）,ok,福建省侯官縣,,林萬利,官方政府,0,1,1,,福建省侯官縣 [Fujian Sheng Houguan Xian],1 item,"Box 2, Folder 59",Seller: 林萬利 [LIN Wanli] -- Buyer: 官方政府 [Government] -- Place: 福建省侯官縣 [Fujian Sheng Houguan Xian] -- Government,https://digital.library.pitt.edu/islandora/object/pitt:31735064607769,https://digital.library.pitt.edu/node/83828/manifest,典契,典出方 林萬利（地主/出租業主） | 典入方 官慶（一般民戶）,,,陳金槐,,林昌意（典出方之胞叔） | 林萬斌（典出方之堂兄） | 林萬順（典出方之堂兄） | 林可良（典出方之堂侄）,,,,Y,,,,,非親屬,9,林萬利[典出方/地主/出租業主] | 官慶[典入方/一般民戶] | 林昌意[在見/知見/一般民戶/典出方之胞叔] | 林萬斌[在見/知見/一般民戶/典出方之堂兄] | 林萬順[在見/知見/一般民戶/典出方之堂兄] | 林可良[在見/知見/一般民戶/典出方之堂侄] | 陳金槐[中人/一般民戶] | 楊鵬超[其他/一般民戶] | 蔡世端[其他/一般民戶],典田面四年限贖；買方係官姓(官慶)，目錄誤作官方政府；田面收租,中
83829,pitt:31735064607777,1924,1924,1924,,Personal,,unlabeled,,,林久興 | 林可鑒 | 林久澍,,0,3,0,,,1 item,"Box 3, Folder 120",Seller: 林久興 [LIN Jiuxing] 林可鑒 [LIN Kejian] and 林久澍 [LIN Jiushu]-- Personal,https://digital.library.pitt.edu/islandora/object/pitt:31735064607777,https://digital.library.pitt.edu/node/83829/manifest,分家/鬮書,業主/產權人 林久澍（一般民戶，長房；可瓊之庶出子） | 業主/產權人 林可昌（一般民戶，次房） | 業主/產權人 林可第（一般民戶，次房） | 業主/產權人 林久興（一般民戶，次房） | 業主/產權人 林久年（一般民戶，次房） | 業主/產權人 林可鑑（一般民戶，三房）,,鄉族長,劉慶雲（公親） | 陳仲良（公親） | 陳其清（公親） | 陳依銘（公親）,王子文,林萬順（鄉族長） | 林萬棋（族人） | 林可杯（族人） | 林可為（族人） | 林可建（族人） | 林可泉（族人） | 王友增（懿戚(姻親)） | 李茂炳（懿戚(姻親)） | 林可釵（族鄰） | 林久信（族鄰）,,,,,,,,楊氏 | 楊氏(祖母),族內/親屬間,27,林久澍[業主/產權人/一般民戶/長房；可瓊之庶出子] | 楊氏[其他/一般民戶/林久澍之嫡母] | 楊氏(祖母)[其他/一般民戶/林久澍之祖母] | 林可瓊[其他/一般民戶/林久澍之生父] | 林可昌[業主/產權人/一般民戶/次房] | 林可第[業主/產權人/一般民戶/次房] | 林久興[業主/產權人/一般民戶/次房] | 林久年[業主/產權人/一般民戶/次房] | 林可鑑[業主/產權人/一般民戶/三房] | 林萬開[其他/一般民戶/林久澍之祖父(已故)] | 林萬拱[其他/一般民戶/林久興之祖(已故)] | 林萬欽[其他/一般民戶/林可鑑之父(已故)] | 林萬順[在見/知見/一般民戶/鄉族長] | 林萬棋[在見/知見/一般民戶/族人] | 林可杯[在見/知見/一般民戶/族人] | 林可為[在見/知見/一般民戶/族人] | 林可建[在見/知見/一般民戶/族人] | 林可泉[在見/知見/一般民戶/族人] | 王友增[在見/知見/一般民戶/懿戚(姻親)] | 李茂炳[在見/知見/一般民戶/懿戚(姻親)] | 劉慶雲[中人/一般民戶/公親] | 陳仲良[中人/一般民戶/公親] | 陳其清[中人/一般民戶/公親] | 陳依銘[中人/一般民戶/公親] | 林可釵[在見/知見/一般民戶/族鄰] | 林久信[在見/知見/一般民戶/族鄰] | 王子文[代筆/一般民戶],福祿壽三房合約，確認光緒十七年鬮書；庶出子由嫡母祖母撫養，各房認助其婚娶費；族長、姻親、公親見證,中
83830,pitt:31735064607785,1875,1875,1875,,Government,閩侯（閩縣・侯官・林森）,ok,福建省閩侯縣,,林應香,林萬開,0,1,1,,福建省閩侯縣 [Fujian Sheng Minhou Xian],1 item,"Box 2, Folder 54",Seller: 林應香 [LIN Yingxiang] -- Buyer: 林萬開 [LIN Wankai] -- Place: 福建省閩侯縣 [Fujian Sheng Minhou Xian] -- Government,https://digital.library.pitt.edu/islandora/object/pitt:31735064607785,https://digital.library.pitt.edu/node/83830/manifest,賣斷契,賣方 林應香（一般民戶） | 買方 林萬開（一般民戶，賣方之族人）,,,陳香雪,吳祥麟,,,,,,,,,,族內/親屬間,6,林應香[賣方/一般民戶] | 林萬開[買方/一般民戶/賣方之族人] | 陳香雪[中人/一般民戶] | 吳祥麟[代筆/一般民戶] | 楊能慶[其他/一般民戶] | 陳朝科[其他/一般民戶],根面全民田賣斷與族人萬開；OCR嚴重錯亂,低
83832,pitt:31735064607793,1893,1893,1893,,Government,閩侯（閩縣・侯官・林森）,ok,福建省閩侯縣,,王兆熙出租,林,0,1,1,Y,福建省閩侯縣 [Fujian Sheng Minhou Xian],1 item,"Box 2, Folder 76",Seller: 王兆熙（出租） [WANG Zhaoxi] -- Buyer: 林 [LIN] -- Place: 福建省閩侯縣 [Fujian Sheng Minhou Xian] -- Government,https://digital.library.pitt.edu/islandora/object/pitt:31735064607793,https://digital.library.pitt.edu/node/83832/manifest,典契,典出方 王兆熙（地主/出租業主） | 典入方 林（一般民戶）,,,兆熙（典出方之堂弟）,王兆裕,黃氏（典出方之母） | 兆榮（典出方之胞兄）,,,,Y,,,,黃氏,非親屬,6,王兆熙[典出方/地主/出租業主] | 林[典入方/一般民戶] | 黃氏[在見/知見/一般民戶/典出方之母] | 兆榮[在見/知見/一般民戶/典出方之胞兄] | 兆熙[中人/一般民戶/典出方之堂弟] | 王兆裕[代筆/一般民戶],承祖田面（鯽魚坵）典與林家，林家兼得同坵田根與田面；中見名與賣方同疑OCR誤,中
83833,pitt:31735064607801,1881,1881,1881,,Government,閩侯（閩縣・侯官・林森）,ok,福建省閩侯縣,,林春發,林萬開,0,1,1,,福建省閩侯縣 [Fujian Sheng Minhou Xian],1 item,"Box 2, Folder 57",Seller: 林春發 [LIN Chunfa] -- Buyer: 林萬開 [LIN Wankai] -- Place: 福建省閩侯縣 [Fujian Sheng Minhou Xian] -- Government,https://digital.library.pitt.edu/islandora/object/pitt:31735064607801,https://digital.library.pitt.edu/node/83833/manifest,賣斷契,賣方 林春發（一般民戶） | 買方 林萬開（一般民戶，賣方之族叔）,,,楊宗盛,,林春輝（賣方之弟）,,,,,,,,,族內/親屬間,6,林春發[賣方/一般民戶] | 林萬開[買方/一般民戶/賣方之族叔] | 林春輝[在見/知見/一般民戶/賣方之弟] | 楊宗盛[中人/一般民戶] | 楊必通[其他/一般民戶] | 楊能鋒[其他/一般民戶],"賣田根(底)與族叔,田面主王家收租谷350斤,一田二主;因要用",中
83834,pitt:31735064607819,1894,1894,1894,,Government,閩侯（閩縣・侯官・林森）,ok,福建省閩侯縣,,王兆熙,林,0,1,1,,福建省閩侯縣 [Fujian Sheng Minhou Xian],1 item,"Box 2, Folder 78",Seller: 王兆熙 [WANG Zhaoxi] -- Buyer: 林 [LIN] -- Place: 福建省閩侯縣 [Fujian Sheng Minhou Xian] -- Government,https://digital.library.pitt.edu/islandora/object/pitt:31735064607819,https://digital.library.pitt.edu/node/83834/manifest,其他,賣方 王兆熙（一般民戶） | 買方 林（一般民戶）,,,王醉登（賣方之叔祖）,王瑞臣,王兆清（賣方之胞兄）,,,,,,,,,非親屬,6,王兆熙[賣方/一般民戶] | 林[買方/一般民戶] | 鄭平祥[其他/一般民戶] | 王兆清[在見/知見/一般民戶/賣方之胞兄] | 王醉登[中人/一般民戶/賣方之叔祖] | 王瑞臣[代筆/一般民戶],賣田面後約定糧未分清由林家貼納；鄭平祥疑為佃或租額相關人，OCR不清,中
83835,pitt:31735064607827,1894,1894,1894,,Government,閩侯（閩縣・侯官・林森）,ok,福建省閩侯縣,,王兆熙,林,0,1,1,,福建省閩侯縣 [Fujian Sheng Minhou Xian],1 item,"Box 2, Folder 77",Seller: 王兆熙 [WANG Zhaoxi] -- Buyer: 林 [LIN] -- Place: 福建省閩侯縣 [Fujian Sheng Minhou Xian] -- Government,https://digital.library.pitt.edu/islandora/object/pitt:31735064607827,https://digital.library.pitt.edu/node/83835/manifest,找貼/加找契,賣方 王兆熙（一般民戶） | 買方 林（一般民戶）,閩侯縣西門區稅局,,王附登（賣方之叔祖）,王瑞臣,黃氏（賣方之母） | 王兆榮（賣方之胞兄）,Y,,,,,,,黃氏,非親屬,7,王兆熙[賣方/一般民戶] | 林[買方/一般民戶] | 黃氏[在見/知見/一般民戶/賣方之母] | 王兆榮[在見/知見/一般民戶/賣方之胞兄] | 王附登[中人/一般民戶/賣方之叔祖] | 王瑞臣[代筆/一般民戶] | 閩侯縣西門區稅局[簽發/核准官員/官員/官府],湊斷田面與本鄉林家(即林萬開);祖遺田面;母親知契;叔祖作中(或即王聯登),中
83836,pitt:31735064607835,1866/1871,1866,1871,Y,Government,閩侯（閩縣・侯官・林森）,ok,福建省侯官縣,,楊鵬超出租,林,0,1,1,Y,福建省侯官縣 [Fujian Sheng Houguan Xian],1 item,"Box 1, Folder 42",Seller: 楊鵬超（出租） [YANG Pengchao] -- Buyer: 林 [LIN] -- Place: 福建省侯官縣 [Fujian Sheng Houguan Xian] -- Government,https://digital.library.pitt.edu/islandora/object/pitt:31735064607835,https://digital.library.pitt.edu/node/83836/manifest,典契,典出方 楊鵬超（地主/出租業主） | 典入方 林（地主/出租業主）,福建布政使司,,林萬開,敦□（典出方之堂伯）,薛氏（典出方之祖妣） | 郭氏（典出方之嗣母） | 敦志（典出方之胞伯）,Y,,,Y,Y,,,薛氏 | 郭氏,非親屬,10,楊鵬超[典出方/地主/出租業主] | 林[典入方/地主/出租業主] | 林昌志[其他/佃戶] | 薛氏[在見/知見/一般民戶/典出方之祖妣] | 郭氏[在見/知見/一般民戶/典出方之嗣母] | 敦志[在見/知見/一般民戶/典出方之胞伯] | 林萬開[中人/一般民戶] | 敦□[代筆/一般民戶/典出方之堂伯] | 楊紹標[其他/一般民戶] | 福建布政使司[簽發/核准官員/官員/官府],嗣子將閭分田面撥典林家，佃戶林昌志照舊納租；糧立楊紹標戶；附契尾,中
83837,pitt:31735064607843,1805,1805,1805,,Government,閩侯（閩縣・侯官・林森）,ok,福建省侯官縣,,趙守藻,林,0,1,1,,福建省侯官縣 [Fujian Sheng Houguan Xian],1 item,"Box 1, Folder 14",Seller: 趙守藻 [ZHAO Shouzao] -- Buyer: 林 [LIN] -- Place: 福建省侯官縣 [Fujian Sheng Houguan Xian] -- Government,https://digital.library.pitt.edu/islandora/object/pitt:31735064607843,https://digital.library.pitt.edu/node/83837/manifest,典契,典出方 趙守藻（地主/出租業主） | 典入方 林（一般民戶） | 承租/承佃方 林有棟（佃戶）,西湖區驗稅局,,楊海武,林標,,Y,,,Y,Y,,,,非親屬,9,趙守藻[典出方/地主/出租業主] | 林[典入方/一般民戶] | 林有棟[承租/承佃方/佃戶] | 陶天翰[其他/一般民戶] | 陶孔鑣[其他/一般民戶] | 君良[其他/一般民戶] | 楊海武[中人/一般民戶] | 林標[代筆/一般民戶] | 西湖區驗稅局[簽發/核准官員/官員/官府],轉典契：趙買自陶天翰之田，佃農林有棟耕作納租；承典人亦姓林；糧掛陶孔鑣戶,中
83838,pitt:31735064607850,1817,1817,1817,,Government,閩侯（閩縣・侯官・林森）,ok,福建省侯官縣,,趙守藻,林有柱,0,1,1,,福建省侯官縣 [Fujian Sheng Houguan Xian],1 item,"Box 1, Folder 19",Seller: 趙守藻 [ZHAO Shouzao] -- Buyer: 林有柱 [LIN Youzhu] -- Place: 福建省侯官縣 [Fujian Sheng Houguan Xian] -- Government,https://digital.library.pitt.edu/islandora/object/pitt:31735064607850,https://digital.library.pitt.edu/node/83838/manifest,契尾/稅契憑證,買方 林有柱（一般民戶） | 賣方 趙守藻（一般民戶）,福建等處承宣布政使司 | 侯官縣,,,,,Y,,,,,,,,不明,4,林有柱[買方/一般民戶] | 趙守藻[賣方/一般民戶] | 福建等處承宣布政使司[簽發/核准官員/官員/官府] | 侯官縣[簽發/核准官員/官員/官府],"嘉慶二十二年契尾,業戶林有柱買受守藻田",中
83839,pitt:31735064607868,1850,1850,1850,,Personal,閩侯（閩縣・侯官・林森）,ok,福建省侯官縣,,林世奕,林,0,1,1,,福建省侯官縣 [Fujian Sheng Houguan Xian],1 item,"Box 1, Folder 33",Seller: 林世奕 [LIN Shiyi] -- Buyer: 林 [LIN] -- Place: 福建省侯官縣 [Fujian Sheng Houguan Xian] -- Personal,https://digital.library.pitt.edu/islandora/object/pitt:31735064607868,https://digital.library.pitt.edu/node/83839/manifest,賣契(活賣),賣方 林世奕（一般民戶） | 買方 林（一般民戶） | 業主/產權人 李家（地主/出租業主） | 業主/產權人 周家（地主/出租業主）,,,翁太湖,王鳳鳴,蕭氏（賣方之母） | 林世美（賣方之胞兄） | 林世廷（賣方之胞弟）,,,,Y,,,,蕭氏,不明,9,林世奕[賣方/一般民戶] | 林[買方/一般民戶] | 蕭氏[在見/知見/一般民戶/賣方之母] | 林世美[在見/知見/一般民戶/賣方之胞兄] | 林世廷[在見/知見/一般民戶/賣方之胞弟] | 翁太湖[中人/一般民戶] | 王鳳鳴[代筆/一般民戶] | 李家[業主/產權人/地主/出租業主] | 周家[業主/產權人/地主/出租業主],"承父鬮分田根因要用出賣,五年限內可倍價取贖;買主耕作須向面主李家、周家納面租",中
83840,pitt:31735064607876,1888,1888,1888,,Government,閩侯（閩縣・侯官・林森）,ok,福建省侯官縣,,林萬開,林秋溥,0,1,1,,福建省侯官縣 [Fujian Sheng Houguan Xian],1 item,"Box 2, Folder 67",Seller: 林萬開 [LIN Wankai] -- Buyer: 林秋溥 [LIN Qiupu] -- Place: 福建省侯官縣 [Fujian Sheng Houguan Xian] -- Government,https://digital.library.pitt.edu/islandora/object/pitt:31735064607876,https://digital.library.pitt.edu/node/83840/manifest,契尾/稅契憑證,業主/產權人 林萬開（一般民戶）,福建等處承宣布政使司 | 侯官縣,,,,,Y,,,,,,,,不明,3,福建等處承宣布政使司[簽發/核准官員/官員/官府] | 侯官縣[簽發/核准官員/官員/官府] | 林萬開[業主/產權人/一般民戶],"契尾給業戶林萬開;目錄稱林萬開賣與林秋溥,OCR未見林秋溥;OCR嚴重殘缺",低
83841,pitt:31735064607884,1913,1913,1913,,Government,閩侯（閩縣・侯官・林森）,ok,福建省侯官縣,林有柱,,趙守藻,1,0,1,,福建省侯官縣 [Fujian Sheng Houguan Xian],1 item,"Box 2, Folder 96",Owner: 林有柱 [LIN youzhu] -- Buyer: 趙守藻 [ZHAO Shouzao] -- Place: 福建省侯官縣 [Fujian Sheng Houguan Xian] -- Government,https://digital.library.pitt.edu/islandora/object/pitt:31735064607884,https://digital.library.pitt.edu/node/83841/manifest,契尾/稅契憑證,典入方 林有柱（一般民戶） | 典出方 趙守藻（一般民戶）,福建國稅廳籌備處 | 財政部,,楊海武,,,Y,,,,,,,,非親屬,5,福建國稅廳籌備處[簽發/核准官員/官員/官府] | 財政部[簽發/核准官員/官員/官府] | 林有柱[典入方/一般民戶] | 趙守藻[典出方/一般民戶] | 楊海武[中人/一般民戶],"典按契單,補驗嘉慶十年典受趙華藻(目錄作趙守藻)田面租谷170斤;目錄買方歸屬疑誤",中
83842,pitt:31735066237334,1784/1830,1784,1830,Y,Government,古田,ok,福建省古田縣,黃鴻吉,熊長生,熊亨讀,1,1,1,,福建省古田縣 [Fujian Sheng Gutian Xian],1 item,"Box 1, Folder 8",Owner: 黃鴻吉 [HUANG Hongji] --Seller: 熊長生 [XIONG Changsheng] -- Buyer: 熊亨讀 [XIONG Hengdu] -- Place: 福建省古田縣 [Fujian Sheng Gutian Xian] -- Government,https://digital.library.pitt.edu/islandora/object/pitt:31735066237334,https://digital.library.pitt.edu/node/83842/manifest,賣契(活賣),賣方 熊長生（一般民戶） | 賣方 熊亨倫（一般民戶，賣方之侄） | 賣方 熊亨鄉（一般民戶，賣方之侄） | 買方 熊亨讀（地主/出租業主，賣方之堂侄） | 業主/產權人 黃鴻吉（一般民戶）,福建布政使司 | 福建督憲,,鄭成富,張秉禮,熊元廷,Y,,,Y,,,,,族內/親屬間,9,熊長生[賣方/一般民戶] | 熊亨倫[賣方/一般民戶/賣方之侄] | 熊亨鄉[賣方/一般民戶/賣方之侄] | 熊亨讀[買方/地主/出租業主/賣方之堂侄] | 鄭成富[中人/一般民戶] | 熊元廷[在見/知見/一般民戶] | 張秉禮[代筆/一般民戶] | 黃鴻吉[業主/產權人/一般民戶] | 福建布政使司[簽發/核准官員/官員/官府],無錢應用賣與堂侄，約五十三年可贖；買方召佃；道光十年契尾給黃鴻吉,中
83843,pitt:31735066237342,1870/1907,1870,1907,Y,Government,屏南 / 古田,ok,福建省屏南縣和古田縣,張蘭芬,張昌暢,張邦昔,1,1,1,,福建省屏南縣和古田縣 [Fujian Sheng Pingnan Xian and Gutian Xian],1 item,"Box 1, Folder 49",Owner: 張蘭芬 [ZHANG Lanfen] --Seller: 張昌暢 [ZHANG Changchang] -- Buyer: （張）邦昔 [(ZHANG) Bangxi] -- Place: 福建省屏南縣和古田縣 [Fujian Sheng Pingnan Xian and Gutian Xian] -- Government,https://digital.library.pitt.edu/islandora/object/pitt:31735066237342,https://digital.library.pitt.edu/node/83843/manifest,典契,典出方 張昌暢（一般民戶） | 典入方 張邦昔（地主/出租業主）,福建等處承宣布政使司,,張大都（典出方之胞孫）,,,Y,,,Y,,,,,不明,4,張昌暢[典出方/一般民戶] | 張邦昔[典入方/地主/出租業主] | 張大都[中人/一般民戶/典出方之胞孫] | 福建等處承宣布政使司[簽發/核准官員/官員/官府],因官事無錢使用典田；同姓間交易未明親屬稱謂；附乾隆格式契尾；目錄業主張蘭芬OCR未見,中
83844,pitt:31735066237359,1864/1872,1864,1872,Y,Government,古田,ok,福建省古田縣,張利禧,鄭嬌姑,鄭淳氏,1,1,1,,福建省古田縣 [Fujian Sheng Gutian Xian],1 item,"Box 1, Folder 39",Owner: 張利禧 [ZHANG Lixi] --Seller: 鄭嬌姑 [ZHENG Jiaogu] -- Buyer: 鄭淳氏 [ZHENGchunshi] -- Place: 福建省古田縣 [Fujian Sheng Gutian Xian] -- Government,https://digital.library.pitt.edu/islandora/object/pitt:31735066237359,https://digital.library.pitt.edu/node/83844/manifest,找貼/加找契,賣方 鄭嬌姑（一般民戶） | 買方 大鈞（一般民戶，賣方之夫叔） | 買方 鄭淳氏（一般民戶） | 業主/產權人 張利禧（一般民戶）,古田縣知縣 潘 | 福建布政使司,,張正平,,大相（賣方之胞弟）,Y,,,,,,,鄭嬌姑 | 鄭淳氏,族內/親屬間,10,鄭嬌姑[賣方/一般民戶] | 大鈞[買方/一般民戶/賣方之夫叔] | 鄭淳氏[買方/一般民戶] | 大林[其他/一般民戶] | 成器[其他/一般民戶] | 大相[在見/知見/一般民戶/賣方之胞弟] | 張正平[中人/一般民戶] | 古田縣知縣（潘）[簽發/核准官員/官員/官府] | 張利禧[業主/產權人/一般民戶] | 福建布政使司[簽發/核准官員/官員/官府],OCR作楊門郭氏嬌姑，婦女出賣夫家田；曾經邑主訊斷贖田糾紛；附同治十一年契尾；目錄買方鄭淳氏原文未見,低
83845,pitt:31735066237367,1767,1767,1767,,Government,南平,ok,福建省南平縣,,徐幹通,熊孫,0,1,1,,福建省南平縣 [Fujian Sheng Nanping Xian],1 item,"Box 1, Folder 6",Seller: 徐幹通 [XU Gantong] -- Buyer: 熊孫? [XIONG Sun?] -- Place: 福建省南平縣 [Fujian Sheng Nanping Xian] -- Government,https://digital.library.pitt.edu/islandora/object/pitt:31735066237367,https://digital.library.pitt.edu/node/83845/manifest,賣斷契,賣方 徐幹通（一般民戶） | 賣方 徐士厚（一般民戶，賣方之侄） | 買方 熊能孫（一般民戶）,,,,徐起孫,,,,,,,,,,非親屬,6,徐幹通[賣方/一般民戶] | 徐士厚[賣方/一般民戶/賣方之侄] | 熊能孫[買方/一般民戶] | 徐起孫[代筆/一般民戶] | 徐壬童[其他/一般民戶] | 熊能茂[其他/一般民戶],祖遺田缺銀賣出，先問房親不受；買方峽陽人，OCR作應能孫；糧推入其戶,中
83847,pitt:31735066237375,1779,1779,1779,,Government,閩清,ok,福建省閩清縣,,李有定,謝氏,0,1,1,,福建省閩清縣 [Fujian Sheng Minqing Xian],1 item,"Box 1, Folder 7",Seller: 李有定 [LI Youding] -- Buyer: 謝氏 [XIE] -- Place: 福建省閩清縣 [Fujian Sheng Minqing Xian] -- Government,https://digital.library.pitt.edu/islandora/object/pitt:31735066237375,https://digital.library.pitt.edu/node/83847/manifest,找貼/加找契,賣方 李有定（一般民戶） | 買方 謝（一般民戶）,,,,,段章綬,,,,,,,,,非親屬,3,李有定[賣方/一般民戶] | 謝[買方/一般民戶] | 段章綬[在見/知見/一般民戶],祖母手典與謝家之田，孫因乏用向謝加湊並延限三年,高
83848,pitt:31735066237383,1872,1872,1872,,Government,古田,ok,福建省古田縣,,陳裔煌,鄭璟,0,1,1,,福建省古田縣 [Fujian Sheng Gutian Xian],1 item,"Box 2, Folder 52",Seller: 陳裔煌 [CHEN Yihuang] -- Buyer: 鄭璟 [ZHENG Jing] -- Place: 福建省古田縣 [Fujian Sheng Gutian Xian] -- Government,https://digital.library.pitt.edu/islandora/object/pitt:31735066237383,https://digital.library.pitt.edu/node/83848/manifest,典契,典出方 陳裔煌（地主/出租業主） | 典出方 陳裔輝（一般民戶，典出方之弟） | 典入方 鄭璟（地主/出租業主）,,,吳廷接,甘興業,陳裔森（典出方之堂兄）,,,,Y,,,,,非親屬,6,陳裔煌[典出方/地主/出租業主] | 陳裔輝[典出方/一般民戶/典出方之弟] | 鄭璟[典入方/地主/出租業主] | 陳裔森[在見/知見/一般民戶/典出方之堂兄] | 吳廷接[中人/一般民戶] | 甘興業[代筆/一般民戶],"承祖民田典與本墩鄭璟收租,五冬後可贖,錢糧大造之年推入鄭戶;OCR作高煌/高輝/高森",中
83849,pitt:31735066237391,1869,1869,1869,,Government,屏南,ok,福建省屏南縣,,輝煌,蘇坐標,0,1,1,,福建省屏南縣 [Fujian Sheng Pingnan Xian],1 item,"Box 1, Folder 46",Seller: ?輝煌 [? Huihuang] -- Buyer: 蘇坐標 [SU Zuobiao] -- Place: 福建省屏南縣 [Fujian Sheng Pingnan Xian] -- Government,https://digital.library.pitt.edu/islandora/object/pitt:31735066237391,https://digital.library.pitt.edu/node/83849/manifest,賣斷契,賣方 輝煌（一般民戶，買方之宗弟） | 買方 蘇坐標（一般民戶）,,,士治（宗弟）,,輝灼（賣方之出嗣弟） | 輝□（賣方之胞弟）,,,,,,,,,族內/親屬間,6,輝煌[賣方/一般民戶/買方之宗弟] | 蘇坐標[買方/一般民戶] | 輝灼[在見/知見/一般民戶/賣方之出嗣弟] | 輝□[在見/知見/一般民戶/賣方之胞弟] | 士治[中人/一般民戶/宗弟] | 忠大花[其他/不明],"太祖年間已典與根主蘇作標(目錄作坐標),今因乏錢應用再立直根批斷賣;買主召佃耕作",中
83850,pitt:31735066237409,,,,,Government,,non_fujian,安徽省歙縣,羅,,,1,0,0,,安徽省歙縣 [Anhui Sheng She Xian],1 item,"Box 1, Folder 17",Owner: 羅? [LUO ?] -- Place: 安徽省歙縣 [Anhui Sheng She Xian] -- Government,https://digital.library.pitt.edu/islandora/object/pitt:31735066237409,https://digital.library.pitt.edu/node/83850/manifest,契尾/稅契憑證,業主/產權人 羅（不明）,江南安徽等處承宣布政使司 | 察院 | 戶部,,,,,Y,,,,,,,,不明,3,羅[業主/產權人/不明] | 江南安徽等處承宣布政使司[簽發/核准官員/官員/官府] | 察院[簽發/核准官員/官員/官府],安徽歙縣契尾，OCR殘缺，業主姓名僅見目錄,低
83851,pitt:31735066237417,1849,1849,1849,,Government,古田,ok,福建省古田縣,林元鼎,,,1,0,0,,福建省古田縣 [Fujian Sheng Gutian Xian],1 item,"Box 1, Folder 32",Owner: 林元鼎 [LIN Yuanding] -- Place: 福建省古田縣 [Fujian Sheng Gutian Xian] -- Government,https://digital.library.pitt.edu/islandora/object/pitt:31735066237417,https://digital.library.pitt.edu/node/83851/manifest,其他,業主/產權人 林元鼎（不明）,,,,,,,,,,,,,,不明,1,林元鼎[業主/產權人/不明],OCR僅一「大」字，無法辨識內容；僅據目錄業主,低
83852,pitt:31735066237425,1920,1920,1920,,Government,閩侯（閩縣・侯官・林森）,ok,福建省閩侯縣,,張氏,林欽祥,0,1,1,,福建省閩侯縣 [Fujian Sheng Minhou Xian],1 item,"Box 2, Folder 109",Seller: 張氏 [ZHANG] -- Buyer: 林欽祥 [LIN Qinxiang] -- Place: 福建省閩侯縣 [Fujian Sheng Minhou Xian] -- Government,https://digital.library.pitt.edu/islandora/object/pitt:31735066237425,https://digital.library.pitt.edu/node/83852/manifest,賣斷契,賣方 張氏（一般民戶） | 買方 林欽祥（一般民戶，賣方之夫伯）,,,月生,趙允坤,林仕修（賣方之翁） | 林久水（胞伯） | 林久善（胞伯）,,,,,,,,張氏,族內/親屬間,9,張氏[賣方/一般民戶] | 林欽祥[買方/一般民戶/賣方之夫伯] | 林仕修[在見/知見/一般民戶/賣方之翁] | 林久水[在見/知見/一般民戶/胞伯] | 林久善[在見/知見/一般民戶/胞伯] | 月生[中人/一般民戶] | 趙允坤[代筆/一般民戶] | 長意[鄰人/四至/一般民戶] | 乾茂[鄰人/四至/一般民戶],寡婦林張氏將夫遺根面全田賣斷與夫伯；翁知契,高
83853,pitt:31735066237433,1928,1928,1928,,Government,古田,ok,福建省古田縣,盧亨雲,,,1,0,0,,福建省古田縣 [Fujian Sheng Gutian Xian],1 item,"Box 3, Folder 137",Owner: 盧亨雲 [LU Hengyun] -- Place: 福建省古田縣 [Fujian Sheng Gutian Xian] -- Government,https://digital.library.pitt.edu/islandora/object/pitt:31735066237433,https://digital.library.pitt.edu/node/83853/manifest,契尾/稅契憑證,業主/產權人 盧亨雲（一般民戶）,福建財政廳 | 國民政府財政部 | 古田縣政府,,,,,Y,,,,,,,,不明,3,盧亨雲[業主/產權人/一般民戶] | 福建財政廳[簽發/核准官員/官員/官府] | 國民政府財政部[簽發/核准官員/官員/官府],1928驗稅契證，已稅田契產價四十一元；附空白驗契證,高
83854,pitt:31735066237441,1915,1915,1915,,Government,古田,ok,福建省古田縣,雷汝知,,,1,0,0,,福建省古田縣 [Fujian Sheng Gutian Xian],1 item,"Box 2, Folder 103",Owner: 雷汝知 [LEI Ruzhi] -- Place: 福建省古田縣 [Fujian Sheng Gutian Xian] -- Government,https://digital.library.pitt.edu/islandora/object/pitt:31735066237441,https://digital.library.pitt.edu/node/83854/manifest,契尾/稅契憑證,典入方 雷汝知（一般民戶） | 典出方 雷上崎（一般民戶）,福建財政廳 | 財政部,,,,,Y,,,,,,,,不明,3,雷汝知[典入方/一般民戶] | 雷上崎[典出方/一般民戶] | 福建財政廳[簽發/核准官員/官員/官府],1915典按契單，補稅同治十二年典契；雙方同姓未明親屬,中
83855,pitt:31735066237458,1930,1930,1930,,Government,古田,ok,福建省古田縣,洪國慶,,,1,0,0,,福建省古田縣 [Fujian Sheng Gutian Xian],1 item,"Box 3, Folder 141",Owner: 洪國慶 [HONG Guoqing] -- Place: 福建省古田縣 [Fujian Sheng Gutian Xian] -- Government,https://digital.library.pitt.edu/islandora/object/pitt:31735066237458,https://digital.library.pitt.edu/node/83855/manifest,契尾/稅契憑證,業主/產權人 洪國慶（一般民戶）,福建財政廳 | 國民政府財政部,,,,,Y,,,,,,,,不明,3,洪國慶[業主/產權人/一般民戶] | 福建財政廳[簽發/核准官員/官員/官府] | 國民政府財政部[其他/官員/官府],"驗稅契證,業戶呈繳未稅白契(產價卅八元)補稅",高
83856,pitt:31735066237466,,,,,Government,古田,ok,福建省古田縣,,陳如良,陈謀丁,0,1,1,,福建省古田縣 [Fujian Sheng Gutian Xian],1 item,"Box 3, Folder 153",Seller: 陳如良 [CHEN Ruliang] -- Buyer: （陈？）謀丁 [(CHEN?) Mouding] -- Place: 福建省古田縣 [Fujian Sheng Gutian Xian] -- Government,https://digital.library.pitt.edu/islandora/object/pitt:31735066237466,https://digital.library.pitt.edu/node/83856/manifest,典契,典出方 陳如良（佃戶） | 典入方 祖謀丁（佃戶） | 業主/產權人 林姓（地主/出租業主）,福建省政府財政廳 | 古田縣政府 | 第一區區長 | 保長/鄉長,,陳贈壽,陳炳星,陳如淋（典出方之胞兄） | 陳德銘,Y,Y,,Y,Y,,,,非親屬,11,陳如良[典出方/佃戶] | 祖謀丁[典入方/佃戶] | 林姓[業主/產權人/地主/出租業主] | 陳如淋[在見/知見/一般民戶/典出方之胞兄] | 陳贈壽[中人/一般民戶] | 陳德銘[在見/知見/一般民戶] | 陳炳星[代筆/一般民戶] | 福建省政府財政廳[簽發/核准官員/官員/官府] | 古田縣政府[簽發/核准官員/官員/官府] | 第一區區長[簽發/核准官員/官員/官府] | 保長或鄉長[經辦/登記人員/基層職役],"典出佃田根(田底屬林姓主),典入方承耕還租,三年取贖;驗契證業主作丁祖謀",中
83857,pitt:31735066237474,1925,1925,1925,,Government,古田,ok,福建省古田縣,,林履同,張炳源,0,1,1,,福建省古田縣 [Fujian Sheng Gutian Xian],1 item,"Box 3, Folder 124",Seller: 林履同 [LIN Lutong] -- Buyer: 張炳源 [ZHANG Bingyuan] -- Place: 福建省古田縣 [Fujian Sheng Gutian Xian] -- Government,https://digital.library.pitt.edu/islandora/object/pitt:31735066237474,https://digital.library.pitt.edu/node/83857/manifest,契尾/稅契憑證,賣方 林履同（一般民戶） | 買方 張炳源（一般民戶）,古田契稅局,,鄭蔚如,,,Y,,,,,,,,非親屬,4,林履同[賣方/一般民戶] | 張炳源[買方/一般民戶] | 鄭蔚如[中人/一般民戶] | 古田契稅局[簽發/核准官員/官員/官府],官頒賣契紙；出賣不動產為祀田，價五十元；OCR作林履桐,中
83858,pitt:31735066237482,1913,1913,1913,,Government,屏南,ok,福建省屏南縣,張傳珍,,,1,0,0,,福建省屏南縣 [Fujian Sheng Pingnan Xian],1 item,"Box 2, Folder 100",Owner: 張傳珍 [ZHANG Chuanzhen] -- Place: 福建省屏南縣 [Fujian Sheng Pingnan Xian] -- Government,https://digital.library.pitt.edu/islandora/object/pitt:31735066237482,https://digital.library.pitt.edu/node/83858/manifest,契尾/稅契憑證,買方 張傳珍（一般民戶） | 賣方 張守斐（一般民戶）,福建國稅廳籌備處 | 財政部,,,,,Y,,,,,,,,不明,4,福建國稅廳籌備處[簽發/核准官員/官員/官府] | 財政部[簽發/核准官員/官員/官府] | 張傳珍[買方/一般民戶] | 張守斐[賣方/一般民戶],"民國2年斷契單,買受張守斐地坪;同姓但未載親屬稱謂;因限期緊迫中見未填",中
83859,pitt:31735066237490,1906,1906,1906,,Personal,,unlabeled,,,郭宗仲,王齊發,0,1,1,,,1 item,"Box 2, Folder 88",Seller: 郭宗仲 [GUO Zongzhong] -- Buyer: 王齊發 [WANG Qifa] -- Personal,https://digital.library.pitt.edu/islandora/object/pitt:31735066237490,https://digital.library.pitt.edu/node/83859/manifest,賣斷契,賣方 郭宗仲（一般民戶） | 買方 王齊發（一般民戶）,,,高依賜 | 林錫甫,齊光波,郭宗階（賣方之弟）,,,,,,,,,非親屬,6,郭宗仲[賣方/一般民戶] | 王齊發[買方/一般民戶] | 郭宗階[在見/知見/一般民戶/賣方之弟] | 高依賜[中人/一般民戶] | 林錫甫[中人/一般民戶] | 齊光波[代筆/一般民戶],"自置房屋因急需賣斷,閩邑文山鋪秋龍社",中
83860,pitt:31735066237508,1921,1921,1921,,Government,古田,ok,福建省古田縣,謝祀初,,,1,0,0,,福建省古田縣 [Fujian Sheng Gutian Xian],1 item,"Box 3, Folder 115",Owner: 謝祀初 [XIE Qichu] -- Place: 福建省古田縣 [Fujian Sheng Gutian Xian] -- Government,https://digital.library.pitt.edu/islandora/object/pitt:31735066237508,https://digital.library.pitt.edu/node/83860/manifest,稅單/納稅收據,業主/產權人 謝祀初（一般民戶）,古田縣知事 吳 | 古田縣財政科,,,,,Y,,,,,,,,不明,3,謝祀初[業主/產權人/一般民戶] | 古田縣知事吳[簽發/核准官員/官員/官府] | 古田縣財政科[經辦/登記人員/官員/官府],1921推收帳單，產權過戶入謝祀初戶,中
83861,pitt:31735066237516,1933,1933,1933,,Government,古田,ok,福建省古田縣,余興泉,,,1,0,0,,福建省古田縣 [Fujian Sheng Gutian Xian],1 item,"Box 3, Folder 148",Owner: 余興泉 [YU Xingquan] -- Place: 福建省古田縣 [Fujian Sheng Gutian Xian] -- Government,https://digital.library.pitt.edu/islandora/object/pitt:31735066237516,https://digital.library.pitt.edu/node/83861/manifest,稅單/納稅收據,業主/產權人 余興泉（一般民戶）,古田縣政府縣長鄭 | 財政廳 | 財政部,經管,,,,Y,Y,,,,,,,不明,3,余興泉[業主/產權人/一般民戶] | 古田縣縣長鄭[簽發/核准官員/官員/官府] | 陳誠書[經辦/登記人員/基層職役],1933四柱易知單，新收民田五畝五分,高
83863,pitt:31735066237524,1933,1933,1933,,Government,古田,ok,福建省古田縣,葉克培,,,1,0,0,,福建省古田縣 [Fujian Sheng Gutian Xian],1 item,"Box 3, Folder 149",Owner: 葉克培 [YE Kepei] -- Place: 福建省古田縣 [Fujian Sheng Gutian Xian] -- Government,https://digital.library.pitt.edu/islandora/object/pitt:31735066237524,https://digital.library.pitt.edu/node/83863/manifest,稅單/納稅收據,業主/產權人 葉克培（一般民戶）,古田縣政府縣長 | 財政廳 | 財政部,,,,,Y,,,,,,,,不明,3,古田縣政府縣長[簽發/核准官員/官員/官府] | 財政廳[簽發/核准官員/官員/官府] | 葉克培[業主/產權人/一般民戶],"四柱易知由單,糧戶葉克培;引總理遺教限制田畝加賦",中
83864,pitt:31735066237532,1904/1943,1904,1943,Y,Government,閩侯（閩縣・侯官・林森）,ok,福建省閩縣,黃財業,許春願,黃財業,1,1,1,,福建省閩縣 [Fujian Sheng Min Xian],1 item,"Box 2, Folder 86",Owner: 黃財業 [HUANG Caiye] -- Seller: 許春願 [XU Chunyuan] -- Buyer: 黃財業 [HUANG Caiye] -- Place: 福建省閩縣 [Fujian Sheng Min Xian] -- Government,https://digital.library.pitt.edu/islandora/object/pitt:31735066237532,https://digital.library.pitt.edu/node/83864/manifest,賣斷契,賣方 許春願（一般民戶） | 買方 黃財業（一般民戶）,,,黃振章,陳經林,竟元 | 春岐,,,,,,,,,非親屬,7,許春願[賣方/一般民戶] | 黃財業[買方/一般民戶] | 許文相[其他/一般民戶] | 竟元[在見/知見/不明] | 春岐[在見/知見/不明] | 黃振章[中人/一般民戶] | 陳經林[代筆/一般民戶],"祖遺民田因乏用賣斷,田冊在許文相戶下;買主另召佃耕;附1943契稅條例",中
83865,pitt:31735066237540,1942/1943,1942,1943,Y,Government,閩清,ok,福建省閩清縣,張道興,余傳荃,張道興,1,1,1,,福建省閩清縣 [Fujian Sheng Minqing Xian],1 item,"Box 3, Folder 164",Owner: 張道興 [ZHANG Daoxing] -- Seller: 余傳荃 [YU Chuanquan] -- Buyer: 張道興 [ZHANG Daoxing] -- Place: 福建省閩清縣 [Fujian Sheng Minqing Xian] -- Government,https://digital.library.pitt.edu/islandora/object/pitt:31735066237540,https://digital.library.pitt.edu/node/83865/manifest,賣斷契,賣方 余傳荃（一般民戶） | 買方 張道興（一般民戶）,財政部福建省閩清縣田賦管理處 | 兼處長,,蕭昭芬,,恆世琛,Y,,,,,,,,非親屬,5,余傳荃[賣方/一般民戶] | 張道興[買方/一般民戶] | 恆世琛[在見/知見/一般民戶] | 蕭昭芬[中人/一般民戶] | 財政部福建省閩清縣田賦管理處[簽發/核准官員/官員/官府],承父民田根賣斷，買主離佃耕作；附1942年官契紙,中
83866,pitt:31735066237557,1903/1943,1903,1943,Y,Government,永泰（永福）,ok,福建省永泰縣,金寬英,張文楚,金寬英,1,1,1,,福建省永泰縣 [Fujian Sheng Yongtai Xian],1 item,"Box 2, Folder 85",Owner: 金寬英 [JIN Kuanying] -- Seller: 張文楚 [ZHANG Wenchu] -- Buyer: 金寬英 [JIN Kuanying] -- Place: 福建省永泰縣 [Fujian Sheng Yongtai Xian] -- Government,https://digital.library.pitt.edu/islandora/object/pitt:31735066237557,https://digital.library.pitt.edu/node/83866/manifest,賣契(活賣),賣方 張文楚（一般民戶） | 買方 金寬英（一般民戶）,福建省田賦糧食管理處 | 福建省永春田賦糧食管理處 兼處長 | 鄉鎮公所（監証）,,程章（賣方之侄）,,張文亮（賣方之弟）,Y,,,,,,,,非親屬,6,張文楚[賣方/一般民戶] | 金寬英[買方/一般民戶] | 張文亮[在見/知見/一般民戶/賣方之弟] | 程章[中人/一般民戶/賣方之侄] | 楊宋忠[其他/一般民戶] | 福建省永春田賦糧食管理處處長[簽發/核准官員/官員/官府],屯田底面全賣契，四年限贖；民國時期補稅賣契本，賣方住嵩口鎮,中
83867,pitt:31735066237565,1867,1867,1867,,Government,建陽,ok,福建省建陽縣,劉景茂,,,1,0,0,,福建省建陽縣 [Fujian Sheng Jianyang Xian],1 item,"Box 1, Folder 43",Owner: 劉景茂 [LIU Jingmao] -- Place: 福建省建陽縣 [Fujian Sheng Jianyang Xian] -- Government,https://digital.library.pitt.edu/islandora/object/pitt:31735066237565,https://digital.library.pitt.edu/node/83867/manifest,契尾/稅契憑證,業主/產權人 劉景茂（不明）,福建承宣布政使司,,,,,Y,,,,,,,,不明,2,劉景茂[業主/產權人/不明] | 福建布政使司[簽發/核准官員/官員/官府],OCR僅重複布政使司表頭，業戶名僅見於目錄,低
83868,pitt:31735066237573,1869/1928,1869,1928,Y,Government,閩侯（閩縣・侯官・林森）,ok,福建省閩侯縣,王元靄,林春源,王元靄,1,1,1,,福建省閩侯縣 [Fujian Sheng Minhou Xian],1 item,"Box 1, Folder 48",Owner: 王元靄 [WANG Yuanai] --Seller: 林春源 [LIN Chunyuan] -- Buyer: 王元靄 [WANG Yuanai] -- Place: 福建省閩侯縣 [Fujian Sheng Minhou Xian] -- Government,https://digital.library.pitt.edu/islandora/object/pitt:31735066237573,https://digital.library.pitt.edu/node/83868/manifest,賣斷契,賣方 林春源（一般民戶） | 買方 王元靄（一般民戶）,福建國稅廳籌備處 | 財政部 | 福建財政廳,,陳友梅,李祖謙,林長發（賣方之堂叔） | 林春榮（賣方之弟）,Y,,,,,,,,非親屬,8,林春源[賣方/一般民戶] | 王元靄[買方/一般民戶] | 林長發[在見/知見/一般民戶/賣方之堂叔] | 林春榮[在見/知見/一般民戶/賣方之弟] | 陳友梅[中人/一般民戶] | 李祖謙[代筆/一般民戶] | 福建國稅廳籌備處[簽發/核准官員/官員/官府] | 福建財政廳[簽發/核准官員/官員/官府],父遺厝屋乏用賣斷王慶；屋出入由王家店內通行，買方擁有毗連店鋪；民國驗契,中
83869,pitt:31735066237581,1917/1926,1917,1926,Y,Government,永泰（永福）,ok,福建省永泰縣,黃遠容 | 黃同華 | 黃同德 | 黃國興 | 黃國義,,,5,0,0,,福建省永泰縣 [Fujian Sheng Yongtai Xian],1 item,"Box 2, Folder 107",Owner: 黃遠容 [HUANG Yuanrong] 黃同華 [HUANGTonghua] 黃同德 [HUANG Tongde] 黃國興[HUANG Guoxing] and 黃國義[HUANG Guoyi] -- Place: 福建省永泰縣 [Fujian Sheng Yongtai Xian] -- Government,https://digital.library.pitt.edu/islandora/object/pitt:31735066237581,https://digital.library.pitt.edu/node/83869/manifest,稅單/納稅收據,業主/產權人 黃遠容（一般民戶） | 業主/產權人 黃同華（一般民戶） | 業主/產權人 黃同德（一般民戶） | 業主/產權人 黃國興（一般民戶） | 業主/產權人 黃國義（不明）,永泰縣知事,,,,,Y,,,,,,,,不明,6,黃遠容[業主/產權人/一般民戶] | 黃同華[業主/產權人/一般民戶] | 黃同德[業主/產權人/一般民戶] | 黃國興[業主/產權人/一般民戶] | 黃國義[業主/產權人/不明] | 永泰縣知事[簽發/核准官員/官員/官府],民國十至十八年地丁銀納戶執照多張，同族黃姓多戶納糧；OCR頗亂,低
83870,pitt:31735066237599,1923/1930,1923,1930,Y,Government,永泰（永福）,ok,福建省永泰縣,黃乞容等,,,1,0,0,,福建省永泰縣 [Fujian Sheng Yongtai Xian],1 item,"Box 3, Folder 118",Owner: 黃乞容等 [HUANG Qirong] etc. -- Place: 福建省永泰縣 [Fujian Sheng Yongtai Xian] -- Government,https://digital.library.pitt.edu/islandora/object/pitt:31735066237599,https://digital.library.pitt.edu/node/83870/manifest,稅單/納稅收據,業主/產權人 黃乞容（一般民戶）,永泰縣,,,,,Y,,,,,,,,不明,2,黃乞容[業主/產權人/一般民戶] | 永泰縣[簽發/核准官員/官員/官府],"光緒至民國歷年報戶/納戶執照,征收地丁銀;OCR大量重複錯亂",低
83871,pitt:31735066237607,1926/1927,1926,1927,Y,Government,永泰（永福）,ok,福建省永泰縣,黃國興,,,1,0,0,,福建省永泰縣 [Fujian Sheng Yongtai Xian],1 item,"Box 3, Folder 128",Owner: 黃國興等 [HUANG Guoxing] etc. -- Place: 福建省永泰縣 [Fujian Sheng Yongtai Xian] -- Government,https://digital.library.pitt.edu/islandora/object/pitt:31735066237607,https://digital.library.pitt.edu/node/83871/manifest,稅單/納稅收據,業主/產權人 黃國興（一般民戶）,永泰縣知事,,,,,Y,,,,,,,,不明,2,永泰縣知事[簽發/核准官員/官員/官府] | 黃國興[業主/產權人/一般民戶],"民國14-15年地丁銀納戶執照多張;OCR戶名作黃國勇/具/員等,應即黃國興",中
83872,pitt:31735066237615,1920/1926,1920,1926,Y,Government,永泰（永福）,ok,福建省永泰縣,林仁典等,,,1,0,0,,福建省永泰縣 [Fujian Sheng Yongtai Xian],1 item,"Box 3, Folder 111",Owner: 林仁典等 [LIN Rendian] etc. -- Place: 福建省永泰縣 [Fujian Sheng Yongtai Xian] -- Government,https://digital.library.pitt.edu/islandora/object/pitt:31735066237615,https://digital.library.pitt.edu/node/83872/manifest,稅單/納稅收據,業主/產權人 林仁典（一般民戶）,永泰縣知事,,,,,Y,,,,,,,,不明,2,林仁典[業主/產權人/一般民戶] | 永泰縣知事[簽發/核准官員/官員/官府],民國地丁銀納戶執照數張；OCR頗亂,低
83873,pitt:31735066237623,1920/1926,1920,1926,Y,Government,永泰（永福）,ok,福建省永泰縣,黃同華,,,1,0,0,,福建省永泰縣 [Fujian Sheng Yongtai Xian],1 item,"Box 3, Folder 112",Owner: 黃同華 [HUANG Tonghua] -- Place: 福建省永泰縣 [Fujian Sheng Yongtai Xian] -- Government,https://digital.library.pitt.edu/islandora/object/pitt:31735066237623,https://digital.library.pitt.edu/node/83873/manifest,稅單/納稅收據,業主/產權人 黃同華（一般民戶）,永泰縣知事 | 國民政府,,,,,Y,,,,,,,,不明,2,黃同華[業主/產權人/一般民戶] | 永泰縣知事[簽發/核准官員/官員/官府],民國九至十八年地丁銀納戶執照多張,中
83874,pitt:31735066237631,1920/1925,1920,1925,Y,Government,永泰（永福）,ok,福建省永泰縣,黃雲村 | 黃汝勷,,,2,0,0,,福建省永泰縣 [Fujian Sheng Yongtai Xian],1 item,"Box 2, Folder 110",Owner: 黃雲村? [HUANG Yuncun] and 黃汝勷 [HUANG Rurang] -- Place: 福建省永泰縣 [Fujian Sheng Yongtai Xian] -- Government,https://digital.library.pitt.edu/islandora/object/pitt:31735066237631,https://digital.library.pitt.edu/node/83874/manifest,稅單/納稅收據,業主/產權人 黃雲村（一般民戶） | 業主/產權人 黃汝勷（一般民戶）,永泰縣（納戶執照）,,,,,Y,,,,,,,,不明,3,黃雲村[業主/產權人/一般民戶] | 黃汝勷[業主/產權人/一般民戶] | 永泰縣徵收機關[簽發/核准官員/官員/官府],民國納戶執照多張（地丁銀），OCR多處誤作黃雲邨/黃汝勳,低
83875,pitt:31735066237649,1920/1932,1920,1932,Y,Government,閩侯（閩縣・侯官・林森）,ok,福建省閩縣,陳明,,,1,0,0,,福建省閩縣 [Fujian Sheng Min Xian],1 item,"Box 3, Folder 113",Owner: 陳明 [CHEN Ming] -- Place: 福建省閩縣 [Fujian Sheng Min Xian] -- Government,https://digital.library.pitt.edu/islandora/object/pitt:31735066237649,https://digital.library.pitt.edu/node/83875/manifest,稅單/納稅收據,業主/產權人 陳明（一般民戶）,福建閩侯縣,,,,,Y,Y,,,,,,,不明,3,福建閩侯縣[簽發/核准官員/官員/官府] | 陳明[業主/產權人/一般民戶] | 侯守節[經辦/登記人員/基層職役],"民國9年丁銀、糧米串票,糧戶陳明;櫃書經手;頁4有「大正元年」字樣疑為OCR誤識",中
83876,pitt:31735066237656,1890/1892,1890,1892,Y,Government,閩侯（閩縣・侯官・林森）,ok,福建省閩縣,陳雅 | 陳道書 | 陳建璽 | 陳成嘉,,,4,0,0,,福建省閩縣 [Fujian Sheng Min Xian],1 item,"Box 2, Folder 73",Owner: 陳雅 [CHEN Ya] 陳道書 [CHEN Daoshu] 陳建璽 [CHEN Jianxi] and 陳成嘉[CHEN Chengjia]-- Place: 福建省閩縣 [Fujian Sheng Min Xian] -- Government,https://digital.library.pitt.edu/islandora/object/pitt:31735066237656,https://digital.library.pitt.edu/node/83876/manifest,稅單/納稅收據,業主/產權人 陳雅（一般民戶） | 業主/產權人 陳道書（一般民戶） | 業主/產權人 陳建璽（一般民戶） | 業主/產權人 陳成嘉（一般民戶）,欽差品銜署理閩清縣正堂胡,,,,,Y,,,,,,,,不明,5,陳雅[業主/產權人/一般民戶] | 陳道書[業主/產權人/一般民戶] | 陳建璽[業主/產權人/一般民戶] | 陳成嘉[業主/產權人/一般民戶] | 署理閩清縣正堂胡[簽發/核准官員/官員/官府],光緒十六至十八年地丁正耗版串執照；實為閩清縣非閩縣；OCR名字多誤(建生、成泰、道才),中
83878,pitt:31735066237664,1924/1926,1924,1926,Y,Government,永泰（永福）,ok,福建省永泰縣,黃同德,,,1,0,0,,福建省永泰縣 [Fujian Sheng Yongtai Xian],1 item,"Box 3, Folder 122",Owner: 黃同德 [HUANG Tongde] -- Place: 福建省永泰縣 [Fujian Sheng Yongtai Xian] -- Government,https://digital.library.pitt.edu/islandora/object/pitt:31735066237664,https://digital.library.pitt.edu/node/83878/manifest,稅單/納稅收據,業主/產權人 黃同德（一般民戶）,永泰縣知事,,,,,Y,,,,,,,,不明,2,永泰縣知事[簽發/核准官員/官員/官府] | 黃同德[業主/產權人/一般民戶],"民國13-15年納戶執照,戶名黃同德(OCR作伍同德)",中
83879,pitt:31735066237672,1895/1900,1895,1900,Y,Government,永安 / 永泰（永福）,ok,福建省永安县和永福县,鄭其英 | 沈齊,,,2,0,0,,福建省永安县和永福县 [Fujian Sheng Yongan Xian and Yongfu Xian],1 item,"Box 2, Folder 79",Owner: 鄭其英 [ZHENG Qiying] and 沈齊 [SHEN Qi] -- Place: 福建省永安县和永福县 [Fujian Sheng Yongan Xian and Yongfu Xian] -- Government,https://digital.library.pitt.edu/islandora/object/pitt:31735066237672,https://digital.library.pitt.edu/node/83879/manifest,稅單/納稅收據,業主/產權人 沈齊（一般民戶） | 業主/產權人 鄭其英（一般民戶）,永安縣正堂 葉,欽加同知銜,,,,Y,,,,,,,,不明,4,沈齊[業主/產權人/一般民戶] | 鄭其英[業主/產權人/一般民戶] | 李[其他/一般民戶] | 永安縣知縣 葉[簽發/核准官員/官員/官府],光緒廿一年執照，「故軍李」似屯軍戶名；鄭其英僅見目錄；OCR大半不可讀,低
83880,pitt:31735066237680,1922,1922,1922,,Government,永泰（永福）,ok,福建省永泰縣,黃汝勷,,,1,0,0,,福建省永泰縣 [Fujian Sheng Yongtai Xian],1 item,"Box 3, Folder 117",Owner: 黃汝勷 [HUANG Rurang] -- Place: 福建省永泰縣 [Fujian Sheng Yongtai Xian] -- Government,https://digital.library.pitt.edu/islandora/object/pitt:31735066237680,https://digital.library.pitt.edu/node/83880/manifest,稅單/納稅收據,業主/產權人 黃汝勷（一般民戶）,永泰縣,,,,,Y,,,,,,,,不明,2,黃汝勷[業主/產權人/一般民戶] | 縣[簽發/核准官員/官員/官府],"民國十一年地丁銀納糧執照,OCR殘缺,業主作黃…勳",低
83881,pitt:31735066237698,1887,1887,1887,,Personal,,unlabeled,,,,,0,0,0,,unknown,1 item,"Box 2, Folder 65",Place: unknown -- Personal,https://digital.library.pitt.edu/islandora/object/pitt:31735066237698,https://digital.library.pitt.edu/node/83881/manifest,其他,,,,,,,,,,,,,,,不明,2,道登慶[其他/一般民戶] | 有禮慶[其他/一般民戶],苗米收字（光緒十三、十四年份苗米），人名OCR不清,低
83882,pitt:31735066237706,1936,1936,1936,,Personal,,unresolved,福建省,,陳欽隆,陳欽瑞,0,1,1,,福建省 [Fujian Sheng],1 item,"Box 3, Folder 159",Seller: 陳欽隆 [CHEN Qinlong] -- Buyer: 陳欽瑞 [CHEN Qinrui] -- Place: 福建省 [Fujian Sheng] -- Personal,https://digital.library.pitt.edu/islandora/object/pitt:31735066237706,https://digital.library.pitt.edu/node/83882/manifest,賣斷契,賣方 陳欽隆（一般民戶） | 買方 陳欽瑞（一般民戶，賣方之從弟）,,,陳菊苑 | 吳紅經,陳欽隆,黃氏（賣方之母）,,,,,,,,黃氏,族內/親屬間,6,陳欽隆[賣方/一般民戶] | 陳欽瑞[買方/一般民戶/賣方之從弟] | 黃氏[在見/知見/一般民戶/賣方之母] | 陳菊苑[中人/一般民戶] | 吳紅經[中人/一般民戶] | 陳欽隆[代筆/一般民戶],"盡根斷賣並找價,祖父遺園因缺用賣與從弟;過戶入陳源盛戶下納糧;賣主自筆",中
83883,pitt:31735066237714,1943,1943,1943,,Government,,unlabeled,,黃昌聲,,陳智存,1,0,1,,unknown,1 item,"Box 3, Folder 165",Owner: 黃昌聲 [HUANG Changsheng] -- Buyer: 陳智存 [CHEN Zhicun] -- Place: unknown -- Government,https://digital.library.pitt.edu/islandora/object/pitt:31735066237714,https://digital.library.pitt.edu/node/83883/manifest,其他,買方 陳智存（一般民戶） | 業主/產權人 黃昌聲（一般民戶）,,,,,,,,,,,,,,不明,2,陳智存[買方/一般民戶] | 黃昌聲[業主/產權人/一般民戶],民國二十二年收據，黃昌聲（OCR作黃昌壽）給陳智存；內容不詳,低
83884,pitt:31735066237722,1829,1829,1829,,Personal,,unlabeled,,,黃隆貫,陳國遠,0,1,1,,unknown,1 item,"Box 1, Folder 23",Seller: 黃隆貫 [HUANG Longguan] -- Buyer: 陳國遠 [CHEN Guoyuan] -- Place: unknown -- Personal,https://digital.library.pitt.edu/islandora/object/pitt:31735066237722,https://digital.library.pitt.edu/node/83884/manifest,其他,貸方 黃隆貫（一般民戶） | 借方 陳國遠（一般民戶）,,,,,,,,,,,,,,不明,2,黃隆貫[貸方/一般民戶] | 陳國遠[借方/一般民戶],道光九年收字，收陳國遠借欠款；文字殘缺，或涉「祖」名下款項,低
83885,pitt:31735066237730,1910,1910,1910,,Government,建陽,ok,福建省建陽縣,,劉嘉命,劉源森,0,1,1,,福建省建陽縣 [Fujian Sheng Jianyang Xian],1 item,"Box 2, Folder 92",Seller: 劉嘉命 [LIU Jiaming] -- Buyer: 劉源森 [LIU Yuansen] -- Place: 福建省建陽縣 [Fujian Sheng Jianyang Xian] -- Government,https://digital.library.pitt.edu/islandora/object/pitt:31735066237730,https://digital.library.pitt.edu/node/83885/manifest,賣斷契,賣方 劉嘉命（一般民戶） | 買方 劉源森（一般民戶，賣方之堂孫）,,,吳清明 | 劉孝元,劉孝鑑,劉華老（賣方之堂孫）,,,,,,,,,族內/親屬間,6,劉嘉命[賣方/一般民戶] | 劉源森[買方/一般民戶/賣方之堂孫] | 吳清明[中人/一般民戶] | 劉孝元[中人/一般民戶] | 劉華老[在見/知見/一般民戶/賣方之堂孫] | 劉孝鑑[代筆/一般民戶],祖遺坪基菜園因缺銀賣斷與本村堂孫；中人代筆多劉姓族人,高
83886,pitt:31735066237748,1928,1928,1928,,Personal,,unlabeled,,,張國光,張國寶,0,1,1,,unknown,1 item,"Box 3, Folder 138",Seller: 張國光 [ZHANG Guoguang] -- Buyer: 張國寶 [ZHANG Guobao] -- Place: unknown -- Personal,https://digital.library.pitt.edu/islandora/object/pitt:31735066237748,https://digital.library.pitt.edu/node/83886/manifest,賣斷契,賣方 張國光（一般民戶） | 買方 張國寶（一般民戶，賣方之堂兄）,,,張經枝（賣方之叔）,,劉氏（賣方之母(?)） | 張經清（賣方之叔）,,,,,,,,劉氏,族內/親屬間,5,張國光[賣方/一般民戶] | 張國寶[買方/一般民戶/賣方之堂兄] | 劉氏[在見/知見/一般民戶/賣方之母(?)] | 張經清[在見/知見/一般民戶/賣方之叔] | 張經枝[中人/一般民戶/賣方之叔],承祖課田乏用賣斷堂兄，叔為中人；買方可起佃,中
83887,pitt:31735066237755,1935,1935,1935,,Government,閩侯（閩縣・侯官・林森）,ok,福建省閩侯縣,張國軒,,,1,0,0,,福建省閩侯縣 [Fujian Sheng Minhou Xian],1 item,"Box 3, Folder 154",Owner: 張國軒 [ZHANG Guoxuan] -- Place: 福建省閩侯縣 [Fujian Sheng Minhou Xian] -- Government,https://digital.library.pitt.edu/islandora/object/pitt:31735066237755,https://digital.library.pitt.edu/node/83887/manifest,契尾/稅契憑證,業主/產權人 張國軒（一般民戶） | 典出方 張國光（一般民戶）,福建省政府財政廳 | 閩侯縣政府 | 第6區區長 | 第64保保長,,張振枝,,,Y,Y,,,,,,,不明,7,張國軒[業主/產權人/一般民戶] | 張國光[典出方/一般民戶] | 張振枝[中人/一般民戶] | 福建省政府財政廳[簽發/核准官員/官員/官府] | 閩侯縣政府[簽發/核准官員/官員/官府] | 第6區區長[簽發/核准官員/官員/官府] | 第64保保長[經辦/登記人員/基層職役],"已稅契驗契證,原為民國十七年張國光出典之田,同姓未言親屬",高
83888,pitt:31735066237763,1937,1937,1937,,Government,晉江,ok,福建省晉江縣,吳修晟,,,1,0,0,,福建省晉江縣 [Fujian Sheng Jinjiang Xian],1 item,"Box 3, Folder 160",Owner: 吳修晟 [WU Xiusheng] -- Place: 福建省晉江縣 [Fujian Sheng Jinjiang Xian] -- Government,https://digital.library.pitt.edu/islandora/object/pitt:31735066237763,https://digital.library.pitt.edu/node/83888/manifest,契尾/稅契憑證,業主/產權人 吳修晟（一般民戶）,晉江縣政府 | 福建省政府財政廳,聯保主任,吳篤志,,,Y,Y,,,,,,,不明,4,吳修晟[業主/產權人/一般民戶] | 吳篤志[中人/基層職役] | 晉江縣政府[簽發/核准官員/官員/官府] | 福建省政府財政廳[簽發/核准官員/官員/官府],祖遺民園無契(年湮代遠)補契，由聯保主任證明,高
83889,pitt:31735066237771,1947,1947,1947,,Government,閩侯（閩縣・侯官・林森）,ok,福建省林森縣,黃克動 | 黃生官,,,2,0,0,,福建省林森縣 [Fujian Sheng Linsen Xian],1 item,"Box 4, Folder 185",Owner: 黃克動 [HUANG Kedong] and 黃生官 [HUANG Shengguan] -- Place: 福建省林森縣 [Fujian Sheng Linsen Xian] -- Government,https://digital.library.pitt.edu/islandora/object/pitt:31735066237771,https://digital.library.pitt.edu/node/83889/manifest,產權證/執照/登記,業主/產權人 黃克勳（一般民戶） | 業主/產權人 黃生官（一般民戶）,林森縣政府 | 林森縣縣長 | 林森田賦糧食管理處處長,,,,,Y,,,,,,,,不明,4,黃克勳[業主/產權人/一般民戶] | 黃生官[業主/產權人/一般民戶] | 林森縣縣長[簽發/核准官員/官員/官府] | 林森田賦糧食管理處處長[簽發/核准官員/官員/官府],土地陳報管業執照；黃生官為代表人；OCR作克勳，目錄作克動,中
83890,pitt:31735066266143,1947,1947,1947,,Government,閩侯（閩縣・侯官・林森）,ok,福建省林森縣,王鐘鈞,,,1,0,0,,福建省林森縣 [Fujian Sheng Linsen Xian],1 item,"Box 4, Folder 174",Owner: 王鐘鈞 [WANG Zhongjun] -- Place: 福建省林森縣 [Fujian Sheng Linsen Xian] -- Government,https://digital.library.pitt.edu/islandora/object/pitt:31735066266143,https://digital.library.pitt.edu/node/83890/manifest,產權證/執照/登記,業主/產權人 王鐘鈞（一般民戶）,林森縣政府 | 林森縣縣長 | 林森田賦糧食管理處處長 陳善長,,,,,Y,,,,,,,,不明,4,林森縣政府[簽發/核准官員/官員/官府] | 林森縣縣長[簽發/核准官員/官員/官府] | 陳善長[簽發/核准官員/官員/官府] | 王鐘鈞[業主/產權人/一般民戶],"1947年土地陳報後發土地管業執照,田坐馬路下;處長名據OCR推讀",中
83891,pitt:31735066266150,1947,1947,1947,,Government,閩侯（閩縣・侯官・林森）,ok,福建省林森縣,王鐘鈞,,,1,0,0,,福建省林森縣 [Fujian Sheng Linsen Xian],1 item,"Box 4, Folder 175",Owner: 王鐘鈞 [WANG Zhongjun] -- Place: 福建省林森縣 [Fujian Sheng Linsen Xian] -- Government,https://digital.library.pitt.edu/islandora/object/pitt:31735066266150,https://digital.library.pitt.edu/node/83891/manifest,產權證/執照/登記,業主/產權人 王鐘鈞（一般民戶）,林森縣政府,,,,,Y,,,,,,,,不明,2,王鐘鈞[業主/產權人/一般民戶] | 林森縣政府[簽發/核准官員/官員/官府],管業執照，OCR僅存表頭，業主名據目錄,中
83893,pitt:31735066266168,1947,1947,1947,,Government,閩侯（閩縣・侯官・林森）,ok,福建省林森縣,林修枝,,,1,0,0,,福建省林森縣 [Fujian Sheng Linsen Xian],1 item,"Box 4, Folder 176",Owner: 林修枝 [LIN Xiuzhi] -- Place: 福建省林森縣 [Fujian Sheng Linsen Xian] -- Government,https://digital.library.pitt.edu/islandora/object/pitt:31735066266168,https://digital.library.pitt.edu/node/83893/manifest,產權證/執照/登記,業主/產權人 林修枝（一般民戶）,林森縣政府 | 林森縣縣長 | 林森田賦糧食管理處處長,,,,,Y,,,,,,,,不明,3,林修枝[業主/產權人/一般民戶] | 林森縣縣長[簽發/核准官員/官員/官府] | 林森田賦糧食管理處處長[簽發/核准官員/官員/官府],民國三十八年管業執照，馬坑蕩地,高
83894,pitt:31735066266176,1947,1947,1947,,Government,閩侯（閩縣・侯官・林森）,ok,福建省林森縣,林修枝,,,1,0,0,,福建省林森縣 [Fujian Sheng Linsen Xian],1 item,"Box 4, Folder 177",Owner: 林修枝 [LIN Xiuzhi] -- Place: 福建省林森縣 [Fujian Sheng Linsen Xian] -- Government,https://digital.library.pitt.edu/islandora/object/pitt:31735066266176,https://digital.library.pitt.edu/node/83894/manifest,產權證/執照/登記,業主/產權人 林修枝（一般民戶）,林森縣政府 | 林森田賦糧食管理處處長,,,,,Y,,,,,,,,不明,3,林修枝[業主/產權人/一般民戶] | 林森縣政府[簽發/核准官員/官員/官府] | 林森田賦糧食管理處處長[簽發/核准官員/官員/官府],土地陳報後發給土地管業執照，田壹畝,高
83895,pitt:31735066266184,1947,1947,1947,,Government,閩侯（閩縣・侯官・林森）,ok,福建省林森縣,林修枝,,,1,0,0,,福建省林森縣 [Fujian Sheng Linsen Xianen],1 item,"Box 4, Folder 178",Owner: 林修枝 [LIN Xiuzhi] -- Place: 福建省林森縣 [Fujian Sheng Linsen Xianen] -- Government,https://digital.library.pitt.edu/islandora/object/pitt:31735066266184,https://digital.library.pitt.edu/node/83895/manifest,產權證/執照/登記,業主/產權人 林修枝（一般民戶）,林森縣政府 | 林森田賦糧食管理處處長,,,,,Y,,,,,,,,不明,3,林修枝[業主/產權人/一般民戶] | 林森縣政府[簽發/核准官員/官員/官府] | 林森田賦糧食管理處處長[簽發/核准官員/官員/官府],土地管業執照，業主住花屏鄉馬井村，下則田伍厘,高
83896,pitt:31735066266192,1947,1947,1947,,Government,閩侯（閩縣・侯官・林森）,ok,福建省林森縣,林修枝,,,1,0,0,,福建省林森縣 [Fujian Sheng Linsen Xian],1 item,"Box 4, Folder 179",Owner: 林修枝 [LIN Xiuzhi] -- Place: 福建省林森縣 [Fujian Sheng Linsen Xian] -- Government,https://digital.library.pitt.edu/islandora/object/pitt:31735066266192,https://digital.library.pitt.edu/node/83896/manifest,產權證/執照/登記,業主/產權人 林修枝（一般民戶）,林森縣政府 | 林森縣縣長 | 林森田賦糧食管理處處長,,,,,Y,,,,,,,,不明,4,林修枝[業主/產權人/一般民戶] | 林森縣政府[簽發/核准官員/官員/官府] | 林森縣縣長[簽發/核准官員/官員/官府] | 林森田賦糧食管理處處長[簽發/核准官員/官員/官府],民國三十六年土地管業執照，馬坑基地壹畝餘,高
83897,pitt:31735066266200,1947,1947,1947,,Government,閩侯（閩縣・侯官・林森）,ok,福建省林森縣,林修枝,,,1,0,0,,福建省林森縣 [Fujian Sheng Linsen Xian],1 item,"Box 4, Folder 180",Owner: 林修枝 [LIN Xiuzhi] -- Place: 福建省林森縣 [Fujian Sheng Linsen Xian] -- Government,https://digital.library.pitt.edu/islandora/object/pitt:31735066266200,https://digital.library.pitt.edu/node/83897/manifest,產權證/執照/登記,業主/產權人 林修枝（一般民戶）,林森縣政府 | 林森縣縣長 | 林森田賦糧食管理處處長,,,,,Y,,,,,,,,不明,4,林修枝[業主/產權人/一般民戶] | 林森縣政府[簽發/核准官員/官員/官府] | 林森縣縣長[簽發/核准官員/官員/官府] | 林森田賦糧食管理處處長[簽發/核准官員/官員/官府],"土地陳報後發給土地管業執照,基地零畝零分二厘",高
83898,pitt:31735066266218,1947,1947,1947,,Government,閩侯（閩縣・侯官・林森）,ok,福建省林森縣,林修枝,,,1,0,0,,福建省林森縣 [Fujian Sheng Linsen Xian],1 item,"Box 4, Folder 181",Owner: 林修枝 [LIN Xiuzhi] -- Place: 福建省林森縣 [Fujian Sheng Linsen Xian] -- Government,https://digital.library.pitt.edu/islandora/object/pitt:31735066266218,https://digital.library.pitt.edu/node/83898/manifest,產權證/執照/登記,業主/產權人 林修枝（一般民戶）,林森縣政府 | 林森縣縣長 | 林森田賦糧食管理處處長,,,,,Y,,,,,,,,不明,4,林修枝[業主/產權人/一般民戶] | 林森縣政府[簽發/核准官員/官員/官府] | 林森縣縣長[簽發/核准官員/官員/官府] | 林森田賦糧食管理處處長[簽發/核准官員/官員/官府],民國三十六年土地管業執照，劉厝鄉坑裡農地壹畝餘,高
83899,pitt:31735066266226,1947,1947,1947,,Government,閩侯（閩縣・侯官・林森）,ok,福建省林森縣,林修枝,,,1,0,0,,福建省林森縣 [Fujian Sheng Linsen Xian],1 item,"Box 4, Folder 182",Owner: 林修枝 [LIN Xiuzhi] -- Place: 福建省林森縣 [Fujian Sheng Linsen Xian] -- Government,https://digital.library.pitt.edu/islandora/object/pitt:31735066266226,https://digital.library.pitt.edu/node/83899/manifest,產權證/執照/登記,業主/產權人 林修枝（一般民戶）,林森縣政府 | 林森田賦糧食管理處處長,,,,,Y,,,,,,,,不明,3,林森縣政府[簽發/核准官員/官員/官府] | 林森田賦糧食管理處處長[簽發/核准官員/官員/官府] | 林修枝[業主/產權人/一般民戶],"1947年土地管業執照,田坐白龍厝前,業主住馬井村",高
83900,pitt:31735066266234,1947,1947,1947,,Government,閩侯（閩縣・侯官・林森）,ok,福建省林森縣,林修枝,,,1,0,0,,福建省林森縣 [Fujian Sheng Linsen Xian],1 item,"Box 4, Folder 183",Owner: 林修枝 [LIN Xiuzhi] -- Place: 福建省林森縣 [Fujian Sheng Linsen Xian] -- Government,https://digital.library.pitt.edu/islandora/object/pitt:31735066266234,https://digital.library.pitt.edu/node/83900/manifest,產權證/執照/登記,業主/產權人 林修枝（一般民戶）,林森縣政府 | 林森縣縣長 | 林森田賦糧食管理處處長,,,,,Y,,,,,,,,不明,4,林修枝[業主/產權人/一般民戶] | 林森縣政府[簽發/核准官員/官員/官府] | 林森縣縣長[簽發/核准官員/官員/官府] | 林森田賦糧食管理處處長[簽發/核准官員/官員/官府],民國三十六年土地管業執照，馬坑基地,高
83901,pitt:31735066266242,1947,1947,1947,,Government,閩侯（閩縣・侯官・林森）,ok,福建省林森縣,林修枝,,,1,0,0,,福建省林森縣 [Fujian Sheng Linsen Xian],1 item,"Box 4, Folder 184",Owner: 林修枝 [LIN Xiuzhi] -- Place: 福建省林森縣 [Fujian Sheng Linsen Xian] -- Government,https://digital.library.pitt.edu/islandora/object/pitt:31735066266242,https://digital.library.pitt.edu/node/83901/manifest,產權證/執照/登記,業主/產權人 林修枝（一般民戶）,林森縣政府 | 林森縣縣長 | 林森田賦糧食管理處處長,,,,,Y,,,,,,,,不明,3,林修枝[業主/產權人/一般民戶] | 林森縣縣長[簽發/核准官員/官員/官府] | 林森田賦糧食管理處處長[簽發/核准官員/官員/官府],土地陳報後發管業執照，田一畝九分,高
83902,pitt:31735066266259,1840,1840,1840,,Personal,,unlabeled,,林氏,,,1,0,0,,,1 item,"Box 1, Folder 26",Owner: 林氏 [LIN Shi] -- Personal,https://digital.library.pitt.edu/islandora/object/pitt:31735066266259,https://digital.library.pitt.edu/node/83902/manifest,分家/鬮書,業主/產權人 林氏（地主/出租業主，分家二子之母）,,,,李龍泉,林長賓 | 陳必祥 | 楊能波 | 李仕木 | 林文德,,,,Y,Y,,,林氏,族內/親屬間,20,林氏[業主/產權人/地主/出租業主/分家二子之母] | 國詩[其他/一般民戶/林氏長男] | 國書[其他/一般民戶/林氏次男] | 郭大珠[其他/佃戶] | 郭朝植[其他/佃戶] | 郭朝理[其他/佃戶] | 郭廷紀[其他/佃戶] | 郭廷彬[其他/佃戶] | 郭其泉[其他/佃戶] | 陳肇祺[其他/佃戶] | 周雍美[其他/佃戶] | 郭大壑[其他/一般民戶] | 郭君揚[其他/一般民戶] | 陳兆熙[其他/一般民戶] | 林長賓[在見/知見/一般民戶] | 陳必祥[在見/知見/一般民戶] | 楊能波[在見/知見/一般民戶] | 李仕木[在見/知見/一般民戶] | 林文德[在見/知見/一般民戶] | 李龍泉[代筆/一般民戶],寡母林氏主持鬮分福祿二房，請族戚公見；田產以佃戶名下早晚租谷計，郭姓佃戶多,中
83903,pitt:31735066266267,1866,1866,1866,,Government,閩侯（閩縣・侯官・林森）,ok,福建省侯官縣,,德詮僧人,,0,1,0,,福建省侯官縣 [Fujian Sheng Houguan Xian],1 item,"Box 1, Folder 40",Seller: 德詮（僧人） [Dequan] -- Place: 福建省侯官縣 [Fujian Sheng Houguan Xian] -- Government,https://digital.library.pitt.edu/islandora/object/pitt:31735066266267,https://digital.library.pitt.edu/node/83903/manifest,賣斷契,賣方 德詮（宗族/祠堂/會社） | 買方 林（地主/出租業主）,,,鄭昌頤 | 林萬斌,吳為相,德綴（賣方之師弟） | 鳳來（賣方之師侄）,,,,Y,,,Y,,非親屬,7,德詮[賣方/宗族/祠堂/會社] | 林[買方/地主/出租業主] | 德綴[在見/知見/宗族/祠堂/會社/賣方之師弟] | 鳳來[在見/知見/宗族/祠堂/會社/賣方之師侄] | 鄭昌頤[中人/一般民戶] | 林萬斌[中人/一般民戶] | 吳為相[代筆/一般民戶],"僧人賣寺田面以修佛殿,租谷立僧德祖戶下;寺產轉入林家,買主會佃收租;同治4年",高
83904,pitt:31735066266275,1886,1886,1886,,Government,閩侯（閩縣・侯官・林森）,ok,福建省侯官縣,林萬利,,,1,0,0,,福建省侯官縣 [Fujian Sheng Houguan Xian],1 item,"Box 2, Folder 61",Owner: 林萬利 [LIN Wanli] -- Place: 福建省侯官縣 [Fujian Sheng Houguan Xian] -- Government,https://digital.library.pitt.edu/islandora/object/pitt:31735066266275,https://digital.library.pitt.edu/node/83904/manifest,契尾/稅契憑證,業主/產權人 林萬利（一般民戶）,侯官縣 | 戶部,,,,,Y,,,,,,Y,,不明,4,林萬利[業主/產權人/一般民戶] | 奉性真公[其他/宗族/祠堂/會社] | 侯官縣[簽發/核准官員/官員/官府] | 戶部[簽發/核准官員/官員/官府],光緒契尾，OCR殘亂；「奉性真公」或為祖產名號，未能確定,低
83905,pitt:31735066266283,1915,1915,1915,,Government,閩侯（閩縣・侯官・林森）,ok,福建省閩侯縣,,林宜新,林久樹,0,1,1,,福建省閩侯縣 [Fujian Sheng Minhou Xian],1 item,"Box 2, Folder 101",Seller: 林宜新 [LIN Yixin] -- Buyer: 林久樹 [LIN Jiushu] -- Place: 福建省閩侯縣 [Fujian Sheng Minhou Xian] -- Government,https://digital.library.pitt.edu/islandora/object/pitt:31735066266283,https://digital.library.pitt.edu/node/83905/manifest,契尾/稅契憑證,典入方 林久樹（一般民戶） | 典出方 林宜新（一般民戶）,福建財政廳 | 財政部,,,,,Y,,,,,,,,不明,4,林久樹[典入方/一般民戶] | 林宜新[典出方/一般民戶] | 福建財政廳[簽發/核准官員/官員/官府] | 財政部[簽發/核准官員/官員/官府],民國四年典契契單，宣統元年典受屋產,高
83906,pitt:31735066266291,1890,1890,1890,,Personal,,unlabeled,,,張寶詨,程長孫,0,1,1,,,1 item,"Box 2, Folder 81",Seller: 張寶詨 [ZHANG Baoxiao] -- Buyer: 程長孫 [CHENG Changsun] -- Personal,https://digital.library.pitt.edu/islandora/object/pitt:31735066266291,https://digital.library.pitt.edu/node/83906/manifest,找貼/加找契,賣方 張寶詨（一般民戶） | 買方 程長孫（一般民戶）,,,何章林 | 張發孫,張銑狗,,,,,,,,,,非親屬,5,張寶詨[賣方/一般民戶] | 程長孫[買方/一般民戶] | 何章林[中人/一般民戶] | 張發孫[中人/一般民戶] | 張銑狗[代筆/一般民戶],祖遺粟廠屋因缺銀找斷；OCR紀年為光緒二十五年,高
83907,pitt:31735066266309,1890,1890,1890,,Personal,,unlabeled,,,藍炳孫,程長孫,0,1,1,,,1 item,"Box 2, Folder 72",Seller: 藍炳孫 [LAN Bingsun] -- Buyer: 程長孫 [CHENG Changsun] -- Personal,https://digital.library.pitt.edu/islandora/object/pitt:31735066266309,https://digital.library.pitt.edu/node/83907/manifest,賣斷契,賣方 藍炳孫（一般民戶） | 買方 程長孫（一般民戶）,,,賴文仔 | 張文發,張喜老,藍乃壽,,,,,,,,,非親屬,6,藍炳孫[賣方/一般民戶] | 程長孫[買方/一般民戶] | 賴文仔[中人/一般民戶] | 張文發[中人/一般民戶] | 藍乃壽[在見/知見/一般民戶] | 張喜老[代筆/一般民戶],"自置茶山因缺銀賣斷,買主摘茶收租;賴文仔為說諭人",中
83909,pitt:31735066266317,1870,1870,1870,,Personal,,unlabeled,,,程姑仔,金寶,0,1,1,,,1 item,"Box 2, Folder 51",Seller: 程姑仔 [CHENG Guzai] -- Buyer: 金寶 [JIN Bao] -- Personal,https://digital.library.pitt.edu/islandora/object/pitt:31735066266317,https://digital.library.pitt.edu/node/83909/manifest,賣斷契,賣方 程姑仔（一般民戶） | 買方 金寶（一般民戶，賣方之血叔翁）,,,張貴孫 | 張元壽,程姑仔,鄧氏（賣方之母） | 朱仕明,,,,,,,,鄧氏,族內/親屬間,7,程姑仔[賣方/一般民戶] | 金寶[買方/一般民戶/賣方之血叔翁] | 鄧氏[在見/知見/一般民戶/賣方之母] | 張貴孫[中人/一般民戶] | 張元壽[中人/一般民戶] | 朱仕明[在見/知見/一般民戶] | 程姑仔[代筆/一般民戶],父亡初喪缺銀，將祖遺茶山賣斷與血叔翁；光緒廿七年批明張程兩姓界址,高
83910,pitt:31735066266325,1927,1927,1927,,Government,,unresolved,福建省,賴國才,,,1,0,0,,福建省 [Fujian Sheng],1 item,"Box 3, Folder 129",Owner: 賴國才 [LAI Guocai] -- Place: 福建省 [Fujian Sheng] -- Government,https://digital.library.pitt.edu/islandora/object/pitt:31735066266325,https://digital.library.pitt.edu/node/83910/manifest,契尾/稅契憑證,業主/產權人 賴國才（一般民戶）,,,,,,,,,,,,,,不明,1,賴國才[業主/產權人/一般民戶],"湯湖鄉業戶賴國才竹山屋稅契證,已移轉作廢;OCR殘缺,簽發機關不清",低
83911,pitt:31735066266333,1947,1947,1947,,Government,閩侯（閩縣・侯官・林森）,ok,福建省林森縣,黃生官,,,1,0,0,,福建省林森縣 [Fujian Sheng Linsen Xian],1 item,"Box 4, Folder 186",Owner: 黃生官 [HUANG Shengguan] -- Place: 福建省林森縣 [Fujian Sheng Linsen Xian] -- Government,https://digital.library.pitt.edu/islandora/object/pitt:31735066266333,https://digital.library.pitt.edu/node/83911/manifest,產權證/執照/登記,業主/產權人 黃生官（一般民戶）,林森縣政府 | 林森縣縣長 | 林森田賦糧食管理處處長,,,,,Y,,,,,,,,不明,4,黃生官[業主/產權人/一般民戶] | 林森縣政府[簽發/核准官員/官員/官府] | 林森縣縣長[簽發/核准官員/官員/官府] | 林森田賦糧食管理處處長[簽發/核准官員/官員/官府],"烏嶼鄉田五畝二分土地執照,賦額三元三角八分",高
83912,pitt:31735066266341,1928,1928,1928,,Government,,unresolved,福建省,,,錆啇百壽協廳軒,0,0,1,,福建省 [Fujian Sheng],1 item,"Box 3, Folder 134",Buyer: 錆啇百壽協廳軒 [Qiangdi Baishouxietingxuan] -- Place: 福建省 [Fujian Sheng] -- Government,https://digital.library.pitt.edu/islandora/object/pitt:31735066266341,https://digital.library.pitt.edu/node/83912/manifest,契尾/稅契憑證,業主/產權人 鑄商百壽協慶軒（宗族/祠堂/會社）,福建財政廳 | 財政部,,,,,Y,,,,,,Y,,不明,2,鑄商百壽協慶軒[業主/產權人/宗族/祠堂/會社] | 福建財政廳[簽發/核准官員/官員/官府],業戶為鑄造業商人團體(軒)，集體持有斷契產業；目錄名稱為OCR誤,高
83913,pitt:31735066266358,1932,1932,1932,,Government,閩侯（閩縣・侯官・林森）,ok,福建省閩侯縣,,,,0,0,0,,福建省閩侯縣 [Fujian Sheng Minhou Xian],1 item,"Box 3, Folder 144",Place: 福建省閩侯縣 [Fujian Sheng Minhou Xian] -- Government,https://digital.library.pitt.edu/islandora/object/pitt:31735066266358,https://digital.library.pitt.edu/node/83913/manifest,產權證/執照/登記,業主/產權人 協慶軒（宗族/祠堂/會社）,閩侯地方法院不動產登記處,,,,,Y,,,,,,Y,,不明,2,協慶軒[業主/產權人/宗族/祠堂/會社] | 閩侯地方法院不動產登記處[簽發/核准官員/官員/官府],民國三十一年不動產登記圖式；權利人似為協慶軒(與鑄商百壽協慶軒相關),中
83914,pitt:31735066266366,1842,1842,1842,,Personal,,unlabeled,,,黃維裕 | 黃維岑,,0,2,0,,,1 item,"Box 1, Folder 30",Seller: 黃維裕 [HUANG Weiyu] and 黃維岑[HUANG Weicen] -- Personal,https://digital.library.pitt.edu/islandora/object/pitt:31735066266366,https://digital.library.pitt.edu/node/83914/manifest,其他,,,,黃孝甲 | 廉鏡 | 廉阜 | 紹度,黃繼書,,,,,,,,,,不明,7,黃維裕[其他/一般民戶] | 黃維岑[其他/一般民戶] | 黃孝甲[中人/一般民戶] | 廉鏡[中人/一般民戶] | 廉阜[中人/一般民戶] | 紹度[中人/一般民戶] | 黃繼書[代筆/一般民戶],田主池主兩家因池水挑土口角，經公親調處立合約；兩方同字輩疑同族,中
83915,pitt:31735066266374,1844/1845,1844,1845,Y,Personal,閩侯（閩縣・侯官・林森）,ok,福建省侯官縣,,林厚成 | 林厚祿 | 林厚祥,葉成,0,3,1,,福建省侯官縣 [Fujian Sheng Houguan Xian],1 item,"Box 1, Folder 31",Seller: 林厚成 [LIN Houcheng] and 林厚祿 [Lin Houlu] and 林厚祥 [Lin Houxiang] -- Buyer: 葉成 [YE Cheng] -- Place: 福建省侯官縣 [Fujian Sheng Houguan Xian] -- Personal,https://digital.library.pitt.edu/islandora/object/pitt:31735066266374,https://digital.library.pitt.edu/node/83915/manifest,找貼/加找契,賣方 林厚成（一般民戶） | 賣方 林厚祿（一般民戶，賣方之胞弟） | 賣方 林厚祥（一般民戶，賣方之胞弟） | 賣方 林春新（一般民戶，賣方之胞姪） | 買方 葉成（一般民戶）,福州土地登記處 | 南橋區人民委員會(國家經租私房改造辦公室),,陳元海 | 林道吉,蔣則榮,郭氏（賣方之母） | 陳氏（賣方之胞嫂） | 李氏（賣方之胞婿(?)）,Y,,,,,,,郭氏 | 陳氏,非親屬,15,林厚成[賣方/一般民戶] | 林厚祿[賣方/一般民戶/賣方之胞弟] | 林厚祥[賣方/一般民戶/賣方之胞弟] | 林春新[賣方/一般民戶/賣方之胞姪] | 葉成[買方/一般民戶] | 郭氏[在見/知見/一般民戶/賣方之母] | 陳氏[在見/知見/一般民戶/賣方之胞嫂] | 李氏[在見/知見/一般民戶/賣方之胞婿(?)] | 陳元海[中人/一般民戶] | 林道吉[中人/一般民戶] | 蔣則榮[代筆/一般民戶] | 陳百受[其他/一般民戶] | 鄭志宏[其他/一般民戶] | 南橋區人民委員會[其他/官員/官府] | 福州土地登記處[經辦/登記人員/官員/官府],父置店屋先典後湊斷與葉慶，買方可出租他人；後蓋1950年代國家經租私房改造章,中
83916,pitt:31735066266382,1888/1913,1888,1913,Y,Government,古田,ok,福建省古田縣,,陸元規,陸元賜,0,1,1,,福建省古田縣 [Fujian Sheng Gutian Xian],1 item,"Box 2, Folder 66",Seller: 陸元規 [LU Yuangui] -- Buyer: 陸元賜 [LU Yuanci] -- Place: 福建省古田縣 [Fujian Sheng Gutian Xian] -- Government,https://digital.library.pitt.edu/islandora/object/pitt:31735066266382,https://digital.library.pitt.edu/node/83916/manifest,典契,典出方 陸元規（地主/出租業主） | 典入方 陸元賜（一般民戶，典出方之堂兄）,福建國稅廳籌備處 | 財政部,,胡振仁,劉利輝,陸國華（典出方之胞叔） | 陸國器（典出方之胞叔）,Y,,,Y,,,,,族內/親屬間,7,陸元規[典出方/地主/出租業主] | 陸元賜[典入方/一般民戶/典出方之堂兄] | 陸國華[在見/知見/一般民戶/典出方之胞叔] | 陸國器[在見/知見/一般民戶/典出方之胞叔] | 胡振仁[中人/一般民戶] | 劉利輝[代筆/一般民戶] | 福建國稅廳籌備處[簽發/核准官員/官員/官府],無銀應用將建屯田典與堂兄，五冬限贖；買方收租；民國二年驗契,高
83917,pitt:31735066266390,1915,1915,1915,,Government,連江,ok,福建省連江縣,陳朝朋,,,1,0,0,,福建省連江縣 [Fujian Sheng lianjiang Xian],1 item,"Box 2, Folder 102",Owner: 陳朝朋 [CHEN Chaopeng] -- Place: 福建省連江縣 [Fujian Sheng lianjiang Xian] -- Government,https://digital.library.pitt.edu/islandora/object/pitt:31735066266390,https://digital.library.pitt.edu/node/83917/manifest,契尾/稅契憑證,買方 陳朝朋（一般民戶） | 賣方 陳閔保（一般民戶）,福建國稅廳籌備處 | 財政部,,陳端率,,,Y,,,,,,,,不明,5,福建國稅廳籌備處[簽發/核准官員/官員/官府] | 財政部[簽發/核准官員/官員/官府] | 陳朝朋[買方/一般民戶] | 陳閔保[賣方/一般民戶] | 陳端率[中人/一般民戶],"連江管竹田契單,買主賣主中證皆姓陳但無親屬稱謂;日期OCR不清",中
83918,pitt:31735066266408,1840,1840,1840,,Personal,閩清,ok,福建省閩清縣,陳行典,,,1,0,0,,福建省閩清縣 [Fujian Sheng Minqing Xian],1 item,"Box 1, Folder 27",Owner: 陳行典 [CHENG Xingdian] -- Place: 福建省閩清縣 [Fujian Sheng Minqing Xian] -- Personal,https://digital.library.pitt.edu/islandora/object/pitt:31735066266408,https://digital.library.pitt.edu/node/83918/manifest,其他,,閩清縣正堂徐,族正 | 黨正,,,,Y,Y,,,,,,,不明,13,正堂徐[簽發/核准官員/官員/官府] | 陳行典[其他/一般民戶/家長] | 陳立崇[其他/一般民戶/家長之子] | 陳邦棟[其他/一般民戶/家長之孫] | 陳邦煜[其他/一般民戶/家長之孫] | 陳邦燦[其他/一般民戶/家長之孫] | 陳元具[其他/一般民戶/家長之孫] | 陳立訓[其他/一般民戶/家長之姪] | 陳邦儀[其他/一般民戶/家長之孫] | 陳天佑[其他/一般民戶/家長之孫] | 陳孝朗[其他/基層職役] | 余邦幹[其他/基層職役] | 黃金波[其他/基層職役],道光28年查禁鴉片保甲門牌;家長68歲以耕田為業;族正、黨正編入保甲;OCR家長作陳行勇,中
83919,pitt:31735066266416,1888,1888,1888,,Government,閩侯（閩縣・侯官・林森）,ok,福建省閩縣,,陳必清,陳必泉,0,1,1,,福建省閩縣 [Fujian Sheng Min Xian],1 item,"Box 2, Folder 68",Seller: 陳必清 [CHEN Biqing] -- Buyer: 陳必泉 [CHEN Biquan] -- Place: 福建省閩縣 [Fujian Sheng Min Xian] -- Government,https://digital.library.pitt.edu/islandora/object/pitt:31735066266416,https://digital.library.pitt.edu/node/83919/manifest,契尾/稅契憑證,賣方 陳必清（一般民戶） | 買方 陳必泉（一般民戶）,福建督憲朱 | 福建布政使司,,,,,Y,,,,,,,,不明,3,陳必清[賣方/一般民戶] | 陳必泉[買方/一般民戶] | 福建督憲朱[簽發/核准官員/官員/官府],光緒契尾，陳必清屋；陳必清屋後由陳燦祥父典斷,低
83920,pitt:31735066266424,1873,1873,1873,,Government,閩侯（閩縣・侯官・林森）,ok,福建省閩縣,,吳開成,陳,0,1,1,,福建省閩縣 [Fujian Sheng Min Xian],1 item,"Box 2, Folder 53",Seller: 吳開成 [WU Kaicheng] -- Buyer: 陳 [CHEN] -- Place: 福建省閩縣 [Fujian Sheng Min Xian] -- Government,https://digital.library.pitt.edu/islandora/object/pitt:31735066266424,https://digital.library.pitt.edu/node/83920/manifest,契尾/稅契憑證,賣方 吳開成（一般民戶） | 買方 陳（一般民戶）,福建等處承宣布政使司,,,,,Y,,,,,,,,不明,3,吳開成[賣方/一般民戶] | 陳[買方/一般民戶] | 福建等處布政使司[簽發/核准官員/官員/官府],"同治契尾,OCR僅存布政使司格式,買賣雙方姓名僅見目錄",低
83921,pitt:31735066266432,1946,1946,1946,,Government,閩侯（閩縣・侯官・林森）,ok,福建省林森縣,黃克動,,,1,0,0,,福建省林森縣 [Fujian Sheng Linsen Xian],1 item,"Box 3, Folder 170",Owner: 黃克動 [HUANG Kedong] -- Place: 福建省林森縣 [Fujian Sheng Linsen Xian] -- Government,https://digital.library.pitt.edu/islandora/object/pitt:31735066266432,https://digital.library.pitt.edu/node/83921/manifest,稅單/納稅收據,業主/產權人 黃克動（不明）,林森縣田賦糧食管理處,,,,,Y,,,,,,,,不明,2,黃克動[業主/產權人/不明] | 林森縣田賦糧食管理處[簽發/核准官員/官員/官府],民國三十五年度田賦征實/借征糧食收據；OCR倒字，人名未見,低
83922,pitt:31735066266440,1827/1850,1827,1850,Y,Government,連城,ok,福建省連城縣,慎方,,,1,0,0,,福建省連城縣 [Fujian Sheng Liancheng Xian],1 item,"Box 4, Folder 212",Owner: 慎方 [Shenfang] -- Place: 福建省連城縣 [Fujian Sheng Liancheng Xian] -- Government,https://digital.library.pitt.edu/islandora/object/pitt:31735066266440,https://digital.library.pitt.edu/node/83922/manifest,契尾/稅契憑證,業主/產權人 慎方（不明）,福建承宣布政使司,,,,,Y,,,,,,,,不明,2,慎方[業主/產權人/不明] | 福建布政使司[簽發/核准官員/官員/官府],契尾殘片，僅見布政使司格式文字,低
83924,pitt:31735066266457,1841,1841,1841,,Personal,,unlabeled,,,林忠 | 林榮,賴榮松,0,2,1,,Unknown,1 item,"Box 1, Folder 29",Seller: 林忠 [LIN Zhong] and 林榮[LIN Rong]-- Buyer: 賴榮松 [LAI Rongsong] -- Place: Unknown -- Personal,https://digital.library.pitt.edu/islandora/object/pitt:31735066266457,https://digital.library.pitt.edu/node/83924/manifest,胎借/抵押契,借方 林忠（一般民戶，林榮之兄弟） | 借方 林榮（一般民戶，林忠之兄弟） | 貸方 賴榮松（一般民戶）,,,,,賴祥福,,,,,,,,,非親屬,5,林忠[借方/一般民戶/林榮之兄弟] | 林榮[借方/一般民戶/林忠之兄弟] | 賴榮松[貸方/一般民戶] | 賴紹福[其他/一般民戶] | 賴祥福[在見/知見/一般民戶],以續買之關帝季(神會股份)二股當銀六元，月息二分，違限銀主改名飲酒,高
83925,pitt:31735066266465,,,,,Government,閩侯（閩縣・侯官・林森）,ok,福建省閩縣,,吳秉鑒,謝,0,1,1,,福建省閩縣 [Fujian Sheng Min Xian],1 item,"Box 4, Folder 213",Seller: 吳秉鑒 [WU Bingjian] -- Buyer: 謝 [XIE] -- Place: 福建省閩縣 [Fujian Sheng Min Xian] -- Government,https://digital.library.pitt.edu/islandora/object/pitt:31735066266465,https://digital.library.pitt.edu/node/83925/manifest,典契,典出方 吳秉鑒（一般民戶） | 典出方 王氏（一般民戶，典出方之母） | 典出方 吳秉鈞（一般民戶，典出方之胞弟） | 典入方 謝（一般民戶）,,,,,,,,,,,,,王氏,非親屬,4,吳秉鑒[典出方/一般民戶] | 王氏[典出方/一般民戶/典出方之母] | 吳秉鈞[典出方/一般民戶/典出方之胞弟] | 謝[典入方/一般民戶],父典得鄭家厝屋轉典謝慶，因乏用；母子兄弟同立契,高
83926,pitt:31735066266473,1868/1916,1868,1916,Y,Government,閩侯（閩縣・侯官・林森）,ok,福建省閩侯縣,,林邦端,程利欲 | 程利霖,0,1,2,,福建省閩侯縣 [Fujian Sheng Minhou Xian],1 item,"Box 1, Folder 44",Seller: 林邦端 [LIN Bangduan] -- Buyer: 程利欲 [Cheng Liyu] and 程利霖[Cheng Lilin] -- Place: 福建省閩侯縣 [Fujian Sheng Minhou Xian] -- Government,https://digital.library.pitt.edu/islandora/object/pitt:31735066266473,https://digital.library.pitt.edu/node/83926/manifest,典契,典出方 林邦端（一般民戶） | 典入方 程利欲（一般民戶） | 買方 程利霖（一般民戶）,福建財政廳 | 財政部 | 閩省稅務局,,林邦勳（典出方之堂弟） | 林興梅（典出方之族侄）,林巨盛（典出方之族侄）,王氏（典出方之母） | 林巨桂（典出方之胞侄） | 林巨蘭（典出方之胞侄）,Y,,,,,,,王氏,非親屬,17,林邦端[典出方/一般民戶] | 程利欲[典入方/一般民戶] | 程利霖[買方/一般民戶] | 王氏[在見/知見/一般民戶/典出方之母] | 林巨桂[在見/知見/一般民戶/典出方之胞侄] | 林巨蘭[在見/知見/一般民戶/典出方之胞侄] | 林邦勳[中人/一般民戶/典出方之堂弟] | 林巨盛[代筆/一般民戶/典出方之族侄] | 林興梅[中人/一般民戶/典出方之族侄] | 林可理[其他/一般民戶] | 黃有美[其他/一般民戶] | 林欽密[其他/一般民戶] | 林崇和[其他/一般民戶] | 林可翹[其他/一般民戶] | 李昭[經辦/登記人員/官員/官府] | 福建財政廳[簽發/核准官員/官員/官府] | 財政部[簽發/核准官員/官員/官府],同治七年典田後盡斷與程家，民國五年補稅契單；OCR作程利啟/敬；目錄作程利欲,中
83927,pitt:31735066266481,1945,1945,1945,,Government,閩侯（閩縣・侯官・林森）,ok,福建省林森縣,黃生官,,,1,0,0,,福建省林森縣 [Fujian Sheng Linsen Xian],1 item,"Box 3, Folder 168",Owner: 黃生官 [HUANG Shengguan] -- Place: 福建省林森縣 [Fujian Sheng Linsen Xian] -- Government,https://digital.library.pitt.edu/islandora/object/pitt:31735066266481,https://digital.library.pitt.edu/node/83927/manifest,稅單/納稅收據,業主/產權人 黃生官（一般民戶）,林森田賦糧食管理處 | 鄉鎮辦事處主任,,,,,Y,Y,,,,,,,不明,3,黃生官[業主/產權人/一般民戶] | 林森田賦糧食管理處[簽發/核准官員/官員/官府] | 鄉鎮辦事處主任[經辦/登記人員/基層職役],"民國卅四年度田賦征實征借收據/抵納憑證,業戶姓名僅見目錄",中
83928,pitt:31735066266499,1946,1946,1946,,Government,閩侯（閩縣・侯官・林森）,ok,福建省林森縣,黃克動,,,1,0,0,,福建省林森縣 [Fujian Sheng Linsen Xian],1 item,"Box 4, Folder 171",Owner: 黃克動 [HUANG Kedong] -- Place: 福建省林森縣 [Fujian Sheng Linsen Xian] -- Government,https://digital.library.pitt.edu/islandora/object/pitt:31735066266499,https://digital.library.pitt.edu/node/83928/manifest,稅單/納稅收據,業主/產權人 黃克動（一般民戶）,林森縣田賦糧食管理處 | 鄉鎮辦事處,,,,,Y,,,,,,,,不明,2,黃克動[業主/產權人/一般民戶] | 林森縣田賦糧食管理處[簽發/核准官員/官員/官府],田賦征實通知單，OCR錯亂，戶名僅見「黃生」,低
83929,pitt:31735066266507,1946,1946,1946,,Government,閩侯（閩縣・侯官・林森）,ok,福建省林森縣,黃森官等,,,1,0,0,,福建省林森縣 [Fujian Sheng Linsen Xian],1 item,"Box 4, Folder 172",Owner: 黃森官等 [HUANG Senguan etc.] -- Place: 福建省林森縣 [Fujian Sheng Linsen Xian] -- Government,https://digital.library.pitt.edu/islandora/object/pitt:31735066266507,https://digital.library.pitt.edu/node/83929/manifest,稅單/納稅收據,業主/產權人 黃森官等（一般民戶）,林森田賦糧食管理處 | 鄉鎮辦事處,,,,,Y,,,,,,,,不明,2,黃森官等[業主/產權人/一般民戶] | 林森田賦糧食管理處[簽發/核准官員/官員/官府],"民國卅五年度田賦征實征借積谷通知單,空白表格",中
83930,pitt:31735066266515,1839,1839,1839,,Government,古田,ok,福建省古田縣,,葉國佑,紳,0,1,1,,福建省古田縣 [Fujian Sheng Gutian Xian],1 item,"Box 1, Folder 25",Seller: 葉國佑 [YE Guoyou] -- Buyer: 紳 [SHEN] -- Place: 福建省古田縣 [Fujian Sheng Gutian Xian] -- Government,https://digital.library.pitt.edu/islandora/object/pitt:31735066266515,https://digital.library.pitt.edu/node/83930/manifest,典契,典出方 葉國佑（地主/出租業主） | 典入方 蘇大紳（一般民戶）,,,周昌烈,,葉國佐（典出方之胞兄） | 葉世枝（典出方之胞姪） | 葉世桃（典出方之胞姪）,,,,Y,,,,,非親屬,7,葉國佑[典出方/地主/出租業主] | 蘇大紳[典入方/一般民戶] | 葉國佐[在見/知見/一般民戶/典出方之胞兄] | 葉世枝[在見/知見/一般民戶/典出方之胞姪] | 葉世桃[在見/知見/一般民戶/典出方之胞姪] | 周昌烈[中人/一般民戶] | 葉步增[其他/一般民戶],典出收租田(年租早穀六石)與外都蘇姓，因無銀應用；限五年回贖；糧在葉步增戶,高
83931,pitt:31735066266523,1802,1802,1802,,Personal,閩清,ok,福建省閩清縣,,邱有本 | 邱有炳 | 邱傳學,,0,3,0,,福建省閩清縣 [Fujian Sheng Minqing Xian],1 item,"Box 1, Folder 12",Seller: 邱有本 [QIU Youben] 邱有炳 [QIU Youbing] and 邱傳學 [QIU Chuanxue] -- Place: 福建省閩清縣 [Fujian Sheng Minqing Xian] -- Personal,https://digital.library.pitt.edu/islandora/object/pitt:31735066266523,https://digital.library.pitt.edu/node/83931/manifest,找貼/加找契,典出方 邱有本（一般民戶） | 典出方 邱有炳（一般民戶，邱有本之弟） | 典出方 邱傳學（一般民戶，邱有本之侄） | 典入方 傳（地主/出租業主）,,,邱有漢（邱有本之弟）,,,,,,Y,,,,,非親屬,5,邱有本[典出方/一般民戶] | 邱有炳[典出方/一般民戶/邱有本之弟] | 邱傳學[典出方/一般民戶/邱有本之侄] | 傳[典入方/地主/出租業主] | 邱有漢[中人/一般民戶/邱有本之弟],乾隆間嗣祖妣典出祖田，今因造壅(營葬)祖妣再畫(找)價；承典人照舊收租；限五年取贖,高
83932,pitt:31735066266531,1913,1913,1913,,Government,閩清,ok,福建省閩清縣,,余德光,林聖魁,0,1,1,,福建省閩清縣 [Fujian Sheng Minqing Xian],1 item,"Box 2, Folder 98",Seller: 余德光 [YU Deguang] -- Buyer: 林聖魁 [LIN Shengkui] -- Place: 福建省閩清縣 [Fujian Sheng Minqing Xian] -- Government,https://digital.library.pitt.edu/islandora/object/pitt:31735066266531,https://digital.library.pitt.edu/node/83932/manifest,契尾/稅契憑證,業主/產權人 林聖魁（一般民戶） | 賣方 余德光（一般民戶）,福建國稅廳籌備處 | 財政部,,范尔声,,,Y,,,,,,,,非親屬,5,林聖魁[業主/產權人/一般民戶] | 余德光[賣方/一般民戶] | 范尔声[中人/一般民戶] | 福建國稅廳籌備處[簽發/核准官員/官員/官府] | 財政部[簽發/核准官員/官員/官府],民國二年驗契契單，閩清七都牛欄地方；OCR作俞德光，買受年OCR混亂,中
83933,pitt:31735066266549,1927/1928,1927,1928,Y,Government,閩清,ok,福建省閩清縣,,文鳳,,0,1,0,,福建省閩清縣 [Fujian Sheng Minqing Xian],1 item,"Box 3, Folder 131",Seller: 文鳳 [WEN Feng] -- Place: 福建省閩清縣 [Fujian Sheng Minqing Xian] -- Government,https://digital.library.pitt.edu/islandora/object/pitt:31735066266549,https://digital.library.pitt.edu/node/83933/manifest,典契,典入方 文鳳（一般民戶） | 典出方 朝官（一般民戶）,福建財政廳 | 閩清縣署 | 國民政府財政部,,,,,Y,,,,,Y,,,不明,6,文鳳[典入方/一般民戶] | 朝官[典出方/一般民戶] | 昭隆棧[其他/商號/商人] | 林明祥[其他/商號/商人] | 福建財政廳[簽發/核准官員/官員/官府] | 閩清縣署[簽發/核准官員/官員/官府],"民國15年官典契紙及17年驗稅契證,承典人文鳳(目錄誤作賣方);昭隆棧林明祥經手",中
83934,pitt:31735066266556,1840/1937,1840,1937,Y,Government,閩清,ok,福建省閩清縣,,劉孝良,林高滿,0,1,1,,福建省閩清縣 [Fujian Sheng Minqing Xian],1 item,"Box 1, Folder 28",Seller: 劉孝良 [LIU Xiaoliang] -- Buyer: 林高滿 [LIN Gaoman] -- Place: 福建省閩清縣 [Fujian Sheng Minqing Xian] -- Government,https://digital.library.pitt.edu/islandora/object/pitt:31735066266556,https://digital.library.pitt.edu/node/83934/manifest,賣契(活賣),賣方 劉孝良（地主/出租業主） | 賣方 劉孝清（一般民戶，劉孝良之弟） | 買方 林高滿（佃戶）,福建省政府財政廳 | 閩清縣,,,朱明貴,劉佑忠（賣方之宗兄） | 大進益,Y,,,Y,Y,,,,非親屬,8,劉孝良[賣方/地主/出租業主] | 劉孝清[賣方/一般民戶/劉孝良之弟] | 林高滿[買方/佃戶] | 劉佑忠[在見/知見/一般民戶/賣方之宗兄] | 大進益[在見/知見/不明] | 朱明貴[代筆/一般民戶] | 福建省政府財政廳[簽發/核准官員/官員/官府] | 閩清縣[簽發/核准官員/官員/官府],分賣祖遺山場厝屋，買方仍年納厝租山租予劉家，欠租聽另召；1937年補稅契紙,中
83935,pitt:31735066266564,1934/1940,1934,1940,Y,Government,閩侯（閩縣・侯官・林森）,ok,福建省閩侯縣,,黃懷周,邵李氏,0,1,1,,福建省閩侯縣 [Fujian Sheng Minhou Xian],1 item,"Box 3, Folder 151",Seller: 黃懷周 [HUANG Huaizhou] -- Buyer: 邵李氏 [Shaolishi] -- Place: 福建省閩侯縣 [Fujian Sheng Minhou Xian] -- Government,https://digital.library.pitt.edu/islandora/object/pitt:31735066266564,https://digital.library.pitt.edu/node/83935/manifest,胎借/抵押契,借方 黃懷周（一般民戶） | 貸方 邵李氏（地主/出租業主）,福建省政府財政廳 | 公安局(門牌),,鄭慶安,曾瑞圖,希周（借方之弟） | 陳氏（借方之母）,Y,,,Y,,,,邵李氏 | 陳氏,非親屬,9,黃懷周[借方/一般民戶] | 邵李氏[貸方/地主/出租業主] | 希周[在見/知見/一般民戶/借方之弟] | 陳氏[在見/知見/一般民戶/借方之母] | 鄭慶安[中人/一般民戶] | 曾瑞圖[代筆/一般民戶] | 鄰祥霖[其他/一般民戶] | 黃廷潛[其他/一般民戶] | 福建省政府財政廳[簽發/核准官員/官員/官府],承祖典得之厝胎押與婦女邵李氏，月息一分六，以房租抵息；後填官典契紙,高
83936,pitt:31735066266572,1829,1829,1829,,Personal,,unlabeled,,,陳國遠,葉宜全保票人,0,1,1,,,1 item,"Box 1, Folder 22",Seller: 陳國遠（立票人） [CHENG Guoyuan] -- Buyer: 葉宜全（保票人） [YE Yiquan] -- Personal,https://digital.library.pitt.edu/islandora/object/pitt:31735066266572,https://digital.library.pitt.edu/node/83936/manifest,其他,承租/承佃方 陳國遠（佃戶）,,,,吳青山,葉宜全,,,,,Y,,,,不明,3,陳國遠[承租/承佃方/佃戶] | 葉宜全[保人/一般民戶] | 吳青山[代筆/一般民戶],"欠租米票:佃戶立票分期交還舊欠租米,逾期加利,由保人代賠;田主未具名",中
83937,pitt:31735066266580,1829,1829,1829,,Personal,,unlabeled,,,陳國遠,葉宜全保票人,0,1,1,,,1 item,"Box 1, Folder 21",Seller: 陳國遠（立票人） [CHENG Guoyuan] -- Buyer: 葉宜全（保票人） [YE Yiquan] -- Personal,https://digital.library.pitt.edu/islandora/object/pitt:31735066266580,https://digital.library.pitt.edu/node/83937/manifest,租佃/承佃契,承租/承佃方 陳國遠（佃戶）,,,,吳青山,葉宜全,,,,,Y,,,,不明,3,陳國遠[承租/承佃方/佃戶] | 葉宜全[保人/一般民戶] | 吳青山[代筆/一般民戶],欠租米票兩紙，逾期每斗月加利米叁合，由保票人代賠；田主未具名,中
83938,pitt:31735066266598,1945,1945,1945,,Personal,,unresolved,福建省上竹林,,林明尊,陳功存,0,1,1,,福建省上竹林 [Fujian Sheng Shangzhulin],1 item,"Box 3, Folder 169",Seller: 林明尊 [LIN Mingzun] -- Buyer: 陳功存 [CHEN Gongcun] -- Place: 福建省上竹林 [Fujian Sheng Shangzhulin] -- Personal,https://digital.library.pitt.edu/islandora/object/pitt:31735066266598,https://digital.library.pitt.edu/node/83938/manifest,賣斷契,賣方 林明尊（一般民戶） | 買方 陳功存（一般民戶）,,,曾係係聖札（OCR不清）,,,,,,,,,,,非親屬,3,林明尊[賣方/一般民戶] | 陳功存[買方/一般民戶] | 曾係係聖札（OCR不清）[中人/不明],祖遺根面全田因要用斷賣；OCR紀年民國十四年，價以國幣計,中
83940,pitt:31735066266606,,,,,Personal,,unresolved,福建省清源縣,,道楷,咸宜,0,1,1,,福建省(清源縣?) [Fujian Sheng (Qingyuan Xian?)],1 item,"Box 3, Folder 135",Seller: 道楷 [Daokai] -- Buyer: 咸宜 [Xianyi] -- Place: 福建省(清源縣?) [Fujian Sheng (Qingyuan Xian?)] -- Personal,https://digital.library.pitt.edu/islandora/object/pitt:31735066266606,https://digital.library.pitt.edu/node/83940/manifest,賣斷契,賣方 道楷（一般民戶） | 買方 咸宜（一般民戶，賣方之侄）,,族長,,唐文到,德宜（賣方之侄） | 善宜（賣方之侄） | 尊宜（賣方之侄） | 禮宜（賣方之侄） | 友談（族長）,,,,,,,Y,,族內/親屬間,9,道楷[賣方/一般民戶] | 咸宜[買方/一般民戶/賣方之侄] | 德宜[在見/知見/一般民戶/賣方之侄] | 善宜[在見/知見/一般民戶/賣方之侄] | 尊宜[在見/知見/一般民戶/賣方之侄] | 禮宜[在見/知見/一般民戶/賣方之侄] | 友談[在見/知見/宗族/祠堂/會社/族長] | 唐文到[代筆/一般民戶] | 陳貴興[其他/一般民戶],叔送面租地與侄建廚房，收錢一萬一千五百文；族長公見,中
83941,pitt:31735066266614,,,,,Personal,,unresolved,福建省清源縣,,昌宜,咸宜,0,1,1,,福建省（清源縣?） [Fujian Sheng (Qingyuan Xian?)],1 item,"Box 3, Folder 133",Seller: 昌宜 [Changyi] -- Buyer: 咸宜 [Xianyi] -- Place: 福建省（清源縣?） [Fujian Sheng (Qingyuan Xian?)] -- Personal,https://digital.library.pitt.edu/islandora/object/pitt:31735066266614,https://digital.library.pitt.edu/node/83941/manifest,賣斷契,賣方 昌宜（一般民戶） | 買方 咸宜（一般民戶，賣方之弟） | 業主/產權人 仁房（宗族/祠堂/會社）,,族長,,盧文釗,傳宜（賣方之弟） | 乾宜（賣方之弟） | 冬存（賣方之侄） | 友謨（族長）,,,,,,,Y,,族內/親屬間,8,昌宜[賣方/一般民戶] | 咸宜[買方/一般民戶/賣方之弟] | 仁房[業主/產權人/宗族/祠堂/會社] | 傳宜[在見/知見/一般民戶/賣方之弟] | 乾宜[在見/知見/一般民戶/賣方之弟] | 冬存[在見/知見/一般民戶/賣方之侄] | 友謨[在見/知見/一般民戶/族長] | 盧文釗[代筆/一般民戶],"送契:承祖田由仁房份內抽出,有價送與胞弟建廚房;族長公見",中
83942,pitt:31735066266622,1936,1936,1936,,Personal,閩侯（閩縣・侯官・林森）,ok,福建省閩侯縣,,陳欽隆,陳欽瑞,0,1,1,,福建省閩侯縣 [Fujian Sheng Minhou Xian],1 item,"Box 3, Folder 157",Seller: 陳欽隆 [CHEN Qinlong] -- Buyer: 陳欽瑞 [CHEN Qinrui] -- Place: 福建省閩侯縣 [Fujian Sheng Minhou Xian] -- Personal,https://digital.library.pitt.edu/islandora/object/pitt:31735066266622,https://digital.library.pitt.edu/node/83942/manifest,賣斷契,賣方 陳欽隆（一般民戶） | 買方 陳欽瑞（一般民戶，賣方之從弟）,第二百五十保保長 陳義祥,保長,陳菊苑 | 吳紅經,陳仁山,黃氏（賣方之母） | 陳義祥,,Y,,,,,,黃氏,族內/親屬間,7,陳欽隆[賣方/一般民戶] | 陳欽瑞[買方/一般民戶/賣方之從弟] | 黃氏[在見/知見/一般民戶/賣方之母] | 陳菊苑[中人/一般民戶] | 吳紅經[中人/一般民戶] | 陳義祥[在見/知見/基層職役] | 陳仁山[代筆/一般民戶],"同7706另一份,保長陳義祥列名作見;盡根斷賣並找價,入陳源盛戶納糧",中
83943,pitt:31735066266630,1941,1941,1941,,Personal,,unresolved,福建省,,陳老鳳,陳玉書,0,1,1,,福建省 [Fujian Sheng],1 item,"Box 3, Folder 163",Seller: 陳老鳳 [CHEN Laofeng] -- Buyer: 陳玉書 [CHEN Yushu] -- Place: 福建省 [Fujian Sheng] -- Personal,https://digital.library.pitt.edu/islandora/object/pitt:31735066266630,https://digital.library.pitt.edu/node/83943/manifest,賣斷契,賣方 陳老鳳（一般民戶） | 買方 陳玉書（一般民戶）,,,陳紅鯉,姚光珠,,,,,,,,,,不明,7,陳老鳳[賣方/一般民戶] | 陳玉書[買方/一般民戶] | 陳紅鯉[中人/一般民戶] | 姚光珠[代筆/一般民戶] | 陳梅花[鄰人/四至/一般民戶] | 陳文珍[鄰人/四至/一般民戶] | 陳菊花[鄰人/四至/一般民戶],祖父遺民房盡根斷賣，國幣法幣計價；同姓聚居但未標親屬稱謂,高
83944,pitt:31735066266648,1879,1879,1879,,Personal,,unlabeled,,,康宗瑞,陳連孫,0,1,1,,,1 item,"Box 2, Folder 56",Seller: 康宗瑞 [KANG Zongrui] -- Buyer: 陳連孫 [CHEN Liansun] -- Personal,https://digital.library.pitt.edu/islandora/object/pitt:31735066266648,https://digital.library.pitt.edu/node/83944/manifest,賣斷契,賣方 康宗瑞（一般民戶） | 買方 陳連孫（一般民戶）,,,莊世空,莊光耀,,,,,,,,,,非親屬,4,康宗瑞[賣方/一般民戶] | 陳連孫[買方/一般民戶] | 莊世空[中人/一般民戶] | 莊光耀[代筆/一般民戶],"自置民園因缺用盡根賣斷,無取找取贖",中
83945,pitt:31735066266655,1932,1932,1932,,Personal,福清,ok,福建省福清縣,,欽源,陳欽瑞,0,1,1,,福建省福清縣 [Fujian Sheng Fuqing Xian],1 item,"Box 3, Folder 147",Seller: 欽源 [Qinyuan] -- Buyer: 陳欽瑞 [CHEN Qinrui] -- Place: 福建省福清縣 [Fujian Sheng Fuqing Xian] -- Personal,https://digital.library.pitt.edu/islandora/object/pitt:31735066266655,https://digital.library.pitt.edu/node/83945/manifest,賣斷契,賣方 欽源（一般民戶） | 買方 陳欽瑞（一般民戶，賣方之宗兄）,,,陳細妹 | 吳紅理,陳仁芳,劉氏（賣方之母）,,,,,,,,劉氏,族內/親屬間,6,欽源[賣方/一般民戶] | 陳欽瑞[買方/一般民戶/賣方之宗兄] | 劉氏[在見/知見/一般民戶/賣方之母] | 陳細妹[中人/一般民戶] | 吳紅理[中人/一般民戶] | 陳仁芳[代筆/一般民戶],宗弟將祖遺民園盡根找價斷賣與宗兄；母親收銀,中
83946,pitt:31735066266663,1936,1936,1936,,Personal,,unresolved,福建省,,陳欽隆,陳欽瑞,0,1,1,,福建省 [Fujian Sheng],1 item,"Box 3, Folder 158",Seller: 陳欽隆 [CHEN Qinlong] -- Buyer: 陳欽瑞 [CHEN Qinrui] -- Place: 福建省 [Fujian Sheng] -- Personal,https://digital.library.pitt.edu/islandora/object/pitt:31735066266663,https://digital.library.pitt.edu/node/83946/manifest,賣斷契,賣方 陳欽隆（一般民戶） | 買方 陳欽瑞（一般民戶，賣方之從弟）,,,陳菊花 | 吳紅經,,黃氏（賣方之母）,,,,,,,,黃氏,族內/親屬間,5,陳欽隆[賣方/一般民戶] | 陳欽瑞[買方/一般民戶/賣方之從弟] | 黃氏[在見/知見/一般民戶/賣方之母] | 陳菊花[中人/一般民戶] | 吳紅經[中人/一般民戶],"盡根斷賣並找價,祖遺民田賣與從弟,國幣計價,賣主自筆;母親見契;有「新加坡」字樣,或涉僑",高
83947,pitt:31735066266671,1936,1936,1936,,Personal,,unresolved,福建省,,陳欽隆,陳欽瑞,0,1,1,,福建省 [Fujian Sheng],1 item,"Box 3, Folder 156",Seller: 陳欽隆 [CHEN Qinlong] -- Buyer: 陳欽瑞 [CHEN Qinrui] -- Place: 福建省 [Fujian Sheng] -- Personal,https://digital.library.pitt.edu/islandora/object/pitt:31735066266671,https://digital.library.pitt.edu/node/83947/manifest,賣斷契,賣方 陳欽隆（一般民戶） | 買方 陳欽瑞（一般民戶，賣方之從弟）,,保長,陳菊花 | 吳紅經,陳仁山,黃氏（賣方之母） | 陳義祥,,Y,,,,,,黃氏,族內/親屬間,8,陳欽隆[賣方/一般民戶] | 陳欽瑞[買方/一般民戶/賣方之從弟] | 黃氏[在見/知見/一般民戶/賣方之母] | 陳菊花[中人/一般民戶] | 吳紅經[中人/一般民戶] | 陳義祥[在見/知見/基層職役] | 陳仁山[代筆/一般民戶] | 陳源盛[其他/一般民戶],祖遺民田盡根斷賣兼找價與從弟；保長列名見證；糧入陳源盛戶,高
83948,pitt:31735066266689,1926,1926,1926,,Government,,unresolved,福建省,,朝官,文鳳,0,1,1,,福建省 [Fujian Sheng],1 item,"Box 3, Folder 126",Seller: 朝官 [Chaoguan] -- Buyer: 文鳳 [Wenfeng] -- Place: 福建省 [Fujian Sheng] -- Government,https://digital.library.pitt.edu/islandora/object/pitt:31735066266689,https://digital.library.pitt.edu/node/83948/manifest,典契,典出方 朝官（一般民戶） | 典入方 文鳳（一般民戶，典出方之兄）,,,黃家仙,馬傳梅,黃氏（典出方之母） | 義金（典出方之弟） | 義仙（典出方之弟） | 仁立（典出方之叔）,,,,Y,,,,黃氏,族內/親屬間,9,朝官[典出方/一般民戶] | 文鳳[典入方/一般民戶/典出方之兄] | 黃[其他/地主/出租業主] | 黃氏[在見/知見/一般民戶/典出方之母] | 義金[在見/知見/一般民戶/典出方之弟] | 義仙[在見/知見/一般民戶/典出方之弟] | 仁立[在見/知見/一般民戶/典出方之叔] | 黃家仙[中人/一般民戶] | 馬傳梅[代筆/一般民戶],寄佃契：祖遺民田根典與兄五年限贖，田根須向黃處納租,中
83949,pitt:31735066266697,1927,1927,1927,,Personal,,unlabeled,,,黃丁荃,黃花蘭租客,0,1,1,,,1 item,"Box 3, Folder 130",Seller: 黃丁荃 [HUANG Dingquan] -- Buyer: 黃花?蘭(租客) [HUANG Hua?lan] -- Personal,https://digital.library.pitt.edu/islandora/object/pitt:31735066266697,https://digital.library.pitt.edu/node/83949/manifest,其他,出租方 黃丁荃（地主/出租業主） | 承租/承佃方 黃花蘭（佃戶）,,,,,,,,,Y,Y,,,,不明,2,黃丁荃[出租方/地主/出租業主] | 黃花蘭[承租/承佃方/佃戶],"山租收據,租客OCR作黃茂三,收租人署丁登(荃)公,或為公產",低
83950,pitt:31735066266705,1805/1808,1805,1808,Y,Personal,,unlabeled,,,黃隆貫,陳國龍,0,1,1,,,1 item,"Box 1, Folder 15",Seller: 黃隆貫 [HUANG Longguan] -- Buyer: 陳國遠代陳國龍 [CHEN Huoyuan represents CHEN Guolong] -- Personal,https://digital.library.pitt.edu/islandora/object/pitt:31735066266705,https://digital.library.pitt.edu/node/83950/manifest,其他,出租方 黃隆貫（地主/出租業主） | 承租/承佃方 陳國遠（佃戶） | 承租/承佃方 陳國龍（佃戶） | 承租/承佃方 陳國光（佃戶） | 承租/承佃方 仁標（佃戶） | 承租/承佃方 執惠（佃戶）,,,,,,,,,Y,Y,,,,不明,6,黃隆貫[出租方/地主/出租業主] | 陳國遠[承租/承佃方/佃戶] | 陳國龍[承租/承佃方/佃戶] | 陳國光[承租/承佃方/佃戶] | 仁標[承租/承佃方/佃戶] | 執惠[承租/承佃方/佃戶],"嘉慶年間收租米字據,收租人黃隆貫(OCR作隆貴),佃人代他人交租",中
83951,pitt:31735066266713,1928,1928,1928,,Government,永泰（永福）,ok,福建省永泰縣,黃乞容,,,1,0,0,,福建省永泰縣 [Fujian Sheng Yongtai Xian],1 item,"Box 3, Folder 136",Owner: 黃乞容 [HUANG Qirong] -- Place: 福建省永泰縣 [Fujian Sheng Yongtai Xian] -- Government,https://digital.library.pitt.edu/islandora/object/pitt:31735066266713,https://digital.library.pitt.edu/node/83951/manifest,稅單/納稅收據,業主/產權人 黃乞容（一般民戶）,永泰縣知事,,,,,Y,,,,,,,,不明,2,黃乞容[業主/產權人/一般民戶] | 永泰縣知事黃[簽發/核准官員/官員/官府],民國十六/十七年納糧收據殘片，OCR作「黃之容」「永春縣」,低
83952,pitt:31735066266721,1931,1931,1931,,Government,永泰（永福）,ok,福建省永泰縣,黃乞容,,,1,0,0,,福建省永泰縣 [Fujian Sheng Yongtai Xian],1 item,"Box 3, Folder 143",Owner: 黃乞容 [HUANG Qirong] -- Place: 福建省永泰縣 [Fujian Sheng Yongtai Xian] -- Government,https://digital.library.pitt.edu/islandora/object/pitt:31735066266721,https://digital.library.pitt.edu/node/83952/manifest,稅單/納稅收據,業主/產權人 黃乞容（一般民戶）,,,,,,,,,,,,,,不明,1,黃乞容[業主/產權人/一般民戶],執照殘缺，僅見人名及分厘數,低
83953,pitt:31735066266739,1900,1900,1900,,Government,永安,ok,福建省永安縣,沈齊,,,1,0,0,,福建省永安縣 [Fujian Sheng Yongan Xian],1 item,"Box 2, Folder 83",Owner: 沈齊 [SHEN Qi] -- Place: 福建省永安縣 [Fujian Sheng Yongan Xian] -- Government,https://digital.library.pitt.edu/islandora/object/pitt:31735066266739,https://digital.library.pitt.edu/node/83953/manifest,稅單/納稅收據,業主/產權人 沈齊（一般民戶）,永安縣正堂葉,欽加同知銜,,,,Y,,,,,,,,不明,3,永安縣正堂葉[簽發/核准官員/官員/官府] | 沈齊[業主/產權人/一般民戶] | 李清[其他/不明],"光緒28年徵銀執照,知縣加同知銜;OCR殘缺",低
83955,pitt:31735066266747,1926,1926,1926,,Government,永泰（永福）,ok,福建省永泰縣,黃同華,,,1,0,0,,福建省永泰縣 [Fujian Sheng Yongtai Xian],1 item,"Box 3, Folder 127",Owner: 黃同華 [HUANG Tonghua] -- Place: 福建省永泰縣 [Fujian Sheng Yongtai Xian] -- Government,https://digital.library.pitt.edu/islandora/object/pitt:31735066266747,https://digital.library.pitt.edu/node/83955/manifest,稅單/納稅收據,業主/產權人 黃同華（不明）,,,,,,,,,,,,,,不明,1,黃同華[業主/產權人/不明],"納戶執照,OCR幾乎不可讀,應為永泰縣糧戶黃同華完糧執照",低
83956,pitt:31735066266754,1952,1952,1952,,Government,晉江,ok,福建省晉江縣,林宗 | 吳淑珍 | 林涯 | 林貢,,,4,0,0,,福建省晉江縣 [Fujian Sheng Jinjiang Xian],1 item,"Box 4, Folder 196",Owner: 林宗 [LIN Zong] 吳淑珍 [WU Shuzhen] 林涯 [ LIN Ya] and 林貢 [LIN Gong] -- Place: 福建省晉江縣 [Fujian Sheng Jinjiang Xian] -- Government,https://digital.library.pitt.edu/islandora/object/pitt:31735066266754,https://digital.library.pitt.edu/node/83956/manifest,產權證/執照/登記,業主/產權人 林宗（一般民戶） | 業主/產權人 吳淑珍（一般民戶） | 業主/產權人 林涯（一般民戶） | 業主/產權人 林貢（一般民戶）,晉江縣人民政府 | 晉江縣縣長 高雷,,,,,Y,,,,,,,吳淑珍,不明,5,林宗[業主/產權人/一般民戶] | 吳淑珍[業主/產權人/一般民戶] | 林涯[業主/產權人/一般民戶] | 林貢[業主/產權人/一般民戶] | 晉江縣縣長 高雷[簽發/核准官員/官員/官府],"土改後土地房產所有證,全家共有;業主姓名僅見目錄",中
83957,pitt:31735066266762,1935,1935,1935,,Government,建陽,ok,福建省建陽縣,劉德桂 | 劉德輝 | 劉如慶 | 劉景星,,,4,0,0,,福建省建陽縣 [Fujian Sheng Jianyang Xian],1 item,"Box 3, Folder 152",Owner: 劉德桂 [LIU Degui] 劉德輝 [LIU Dehui] 劉如慶 [LIU Ruqing] and 劉景星 [LIU Jingxing] -- Place: 福建省建陽縣 [Fujian Sheng Jianyang Xian] -- Government,https://digital.library.pitt.edu/islandora/object/pitt:31735066266762,https://digital.library.pitt.edu/node/83957/manifest,其他,業主/產權人 劉德桂（不明） | 業主/產權人 劉德輝（不明） | 業主/產權人 劉如慶（不明） | 業主/產權人 劉景星（不明）,建陽縣,,,,,Y,,,,,,,,不明,5,劉德桂[業主/產權人/不明] | 劉德輝[業主/產權人/不明] | 劉如慶[業主/產權人/不明] | 劉景星[業主/產權人/不明] | 建陽縣[簽發/核准官員/官員/官府],補立新契：原契咸豐間因洪楊事變遺失，依驗契辦法補立；人名僅見目錄,低
83958,pitt:31735066267414,1953,1953,1953,,Government,,non_fujian,四川省合川縣,李銀山,,,1,0,0,,四川省合川縣 [Sichuan Sheng Hechuan Xian],1 item,"Box 4, Folder 202",Owner: 李銀山 [LI Yinshan] -- Place: 四川省合川縣 [Sichuan Sheng Hechuan Xian] -- Government,https://digital.library.pitt.edu/islandora/object/pitt:31735066267414,https://digital.library.pitt.edu/node/83958/manifest,產權證/執照/登記,業主/產權人 李銀山（一般民戶） | 業主/產權人 張心慈（一般民戶，業主之妻） | 業主/產權人 李富珍（一般民戶，業主之女） | 業主/產權人 李富倫（一般民戶，業主之子） | 業主/產權人 李富芝（一般民戶，業主之女）,川東區合川縣人民政府,,,,,Y,,,,,,,張心慈 | 李富珍 | 李富芝,不明,6,李銀山[業主/產權人/一般民戶] | 張心慈[業主/產權人/一般民戶/業主之妻] | 李富珍[業主/產權人/一般民戶/業主之女] | 李富倫[業主/產權人/一般民戶/業主之子] | 李富芝[業主/產權人/一般民戶/業主之女] | 合川縣人民政府[簽發/核准官員/官員/官府],四川土改所有證，全戶共有；OCR戶主作李學銀，似標中農,中
83959,pitt:31735066267422,1952,1952,1952,,Government,晉江,ok,福建省晉江縣,施性固 | 顏蒜 | 施能鎖 | 施松柏,,,4,0,0,,福建省晉江縣 [Fujian Sheng Jinjiang Xian],1 item,"Box 4, Folder 197",Owner: 施性固 [SHI Xinggu] 顏蒜 [YAN Suan] 施能鎖 [SHI Nengsuo] and 施松柏 [SHI Songbai] -- Place: 福建省晉江縣 [Fujian Sheng Jinjiang Xian] -- Government,https://digital.library.pitt.edu/islandora/object/pitt:31735066267422,https://digital.library.pitt.edu/node/83959/manifest,產權證/執照/登記,業主/產權人 施性固（一般民戶） | 業主/產權人 顏蒜（一般民戶） | 業主/產權人 施能鎖（一般民戶） | 業主/產權人 施松柏（一般民戶）,晉江縣人民政府,,,,,Y,,,,,,,,不明,5,晉江縣人民政府[簽發/核准官員/官員/官府] | 施性固[業主/產權人/一般民戶] | 顏蒜[業主/產權人/一般民戶] | 施能鎖[業主/產權人/一般民戶] | 施松柏[業主/產權人/一般民戶],"土改後土地房產所有權證,本戶全家共有可耕地4.81畝房1間;戶內成員名據目錄(OCR未見)",中
83960,pitt:31735066267430,1953,1953,1953,,Government,晉江,ok,福建省晉江縣,,陳佃,施至尚,0,1,1,,福建省晉江縣 [Fujian Sheng Jinjiang Xian],1 item,"Box 4, Folder 203",Seller: 陳佃 [CHEN Dian] -- Buyer: 施至尚 [SHI Zhishang] -- Place: 福建省晉江縣 [Fujian Sheng Jinjiang Xian] -- Government,https://digital.library.pitt.edu/islandora/object/pitt:31735066267430,https://digital.library.pitt.edu/node/83960/manifest,賣斷契,賣方 陳佃（商號/商人） | 買方 施至尚（一般民戶） | 買方 施金有（一般民戶）,晉江縣縣長 李慶 | 福建省人民政府,鄉長 | 農會主席,施性樸,施至一,施光來,Y,Y,,,,Y,,,非親屬,8,陳佃[賣方/商號/商人] | 施至尚[買方/一般民戶] | 施金有[買方/一般民戶] | 施性樸[中人/一般民戶] | 施至一[代筆/基層職役] | 施光來[在見/知見/基層職役] | 晉江縣縣長 李慶[簽發/核准官員/官員/官府] | 福建省人民政府[簽發/核准官員/官員/官府],土改後公定分拆契紙，鄉長兼代筆、農會主席監証；陳佃成分似為工商,中
83961,pitt:31735066267448,,,,,Personal,,unlabeled,,,黃志林,劉子珜,0,1,1,,,1 item,"Box 1, Folder 38",Seller: 黃志林 [HUANG Zhilin] -- Buyer: 劉子珜 [LIU Ziyang] -- Personal,https://digital.library.pitt.edu/islandora/object/pitt:31735066267448,https://digital.library.pitt.edu/node/83961/manifest,找貼/加找契,賣方 黃志林（一般民戶） | 買方 劉子珜（一般民戶）,,,劉貴年,劉忠,,,,,,,,,,非親屬,4,黃志林[賣方/一般民戶] | 劉子珜[買方/一般民戶] | 劉貴年[中人/一般民戶] | 劉忠[代筆/一般民戶],已賣田骨缺錢託原中向買主增找洋銀三兩；買主收租,高
83962,pitt:31735066267455,1951,1951,1951,,Government,南安,ok,福建省南安縣,王萃延,,,1,0,0,,福建省南安縣 [Fujian Sheng Nan'an Xian],1 item,"Box 4, Folder 194",Owner: 王萃延 [WANG Cuiyan] -- Place: 福建省南安縣 [Fujian Sheng Nan'an Xian] -- Government,https://digital.library.pitt.edu/islandora/object/pitt:31735066267455,https://digital.library.pitt.edu/node/83962/manifest,產權證/執照/登記,業主/產權人 王萃延（一般民戶） | 業主/產權人 王治上（一般民戶）,南安縣縣長 馬鳴琴,,,,,Y,,,,,,,,不明,5,王萃延[業主/產權人/一般民戶] | 王治上[業主/產權人/一般民戶] | 王治商[鄰人/四至/一般民戶] | 王治林[鄰人/四至/一般民戶] | 南安縣縣長 馬鳴琴[簽發/核准官員/官員/官府],土改所有證，可耕地卅段卅畝、房屋九間，規模較大；OCR作王莘廷,中
83963,pitt:31735066267463,1952,1952,1952,,Government,南安,ok,福建省南安縣,黃滑 | 黃嚕 | 黃世 | 連芳,,,4,0,0,,福建省南安縣 [Fujian Sheng Nan'an Xian],1 item,"Box 4, Folder 200",Owner: 黃滑 [HUANG Hua] 黃嚕 [ HUANG Lu] 黃世 [HUANG Shi] and 連芳 [LIAN Fang] -- Place: 福建省南安縣 [Fujian Sheng Nan'an Xian] -- Government,https://digital.library.pitt.edu/islandora/object/pitt:31735066267463,https://digital.library.pitt.edu/node/83963/manifest,產權證/執照/登記,業主/產權人 黃滑（一般民戶） | 業主/產權人 黃嚕（一般民戶） | 業主/產權人 黃世（一般民戶） | 業主/產權人 連芳（一般民戶）,南安縣人民政府,,,,,Y,,,,,,,,不明,5,黃滑[業主/產權人/一般民戶] | 黃嚕[業主/產權人/一般民戶] | 黃世[業主/產權人/一般民戶] | 連芳[業主/產權人/一般民戶] | 南安縣人民政府[簽發/核准官員/官員/官府],土改所有證，OCR僅見樣板文字，業主名據目錄,中
83964,pitt:31735066267471,1813,1813,1813,,Government,建陽,ok,福建省建陽縣,,劉欽達違,劉王建,0,1,1,,福建省建陽縣 [Fujian Sheng Jianyang Xian],1 item,"Box 1, Folder 18",Seller: 劉欽達(違) [LIU Qinda(wei)] -- Buyer: 劉王建 [LIU Wangjian] -- Place: 福建省建陽縣 [Fujian Sheng Jianyang Xian] --Government,https://digital.library.pitt.edu/islandora/object/pitt:31735066267471,https://digital.library.pitt.edu/node/83964/manifest,契尾/稅契憑證,買方 劉王建（一般民戶） | 賣方 劉欽達（一般民戶）,福建等處承宣布政使司 | 建陽縣,,,,,Y,,,,,,,,不明,4,福建等處承宣布政使司[簽發/核准官員/官員/官府] | 劉王建[買方/一般民戶] | 劉欽達[賣方/一般民戶] | 田世藩[其他/不明],"嘉慶18年契尾給建陽縣業戶劉王建;賣方OCR或作劉銘遠,目錄作劉欽達(違);同姓無親屬稱謂",中
83965,pitt:31735066267489,1928/1935,1928,1935,Y,Government,閩侯（閩縣・侯官・林森）,ok,福建省閩侯縣,,張國光,張國寶,0,1,1,,福建省閩侯縣 [Fujian Sheng Minhou Xian],1 item,"Box 3, Folder 132",Seller: 張國光 [ZHANG Guoguang] -- Buyer: 張國寶 [ZHANG Guobao] -- Place: 福建省閩侯縣 [Fujian Sheng Minhou Xian] -- Government,https://digital.library.pitt.edu/islandora/object/pitt:31735066267489,https://digital.library.pitt.edu/node/83965/manifest,賣斷契,賣方 張國光（一般民戶） | 買方 張國寶（一般民戶，賣方之本房堂兄）,閩侯縣,,張經枝（賣方之叔）,,張智順（賣方之叔祖） | 張經清（賣方之叔） | 劉氏（賣方之母） | 張國翰（賣方之兄） | 張經波（賣方之叔）,,Y,,,,,,劉氏,族內/親屬間,9,張國光[賣方/一般民戶] | 張國寶[買方/一般民戶/賣方之本房堂兄] | 張智順[在見/知見/一般民戶/賣方之叔祖] | 張經清[在見/知見/一般民戶/賣方之叔] | 劉氏[在見/知見/一般民戶/賣方之母] | 張經枝[中人/一般民戶/賣方之叔] | 張國翰[在見/知見/一般民戶/賣方之兄] | 張經波[在見/知見/一般民戶/賣方之叔] | 蔡瑞物[經辦/登記人員/基層職役],祖遺根面全田因要錢賣斷與本房堂兄；母及叔祖叔兄見證；附官契紙稅契員,高
83966,pitt:31735066267497,1953,1953,1953,,Government,東山,ok,福建省東山縣,,方圍九,林武,0,1,1,,福建省東山縣 [Fujian Sheng Dongshan Xian],1 item,"Box 4, Folder 204",Seller: 方圍九 [FANG Weijiu] -- Buyer: 林武 [LIN Wu] -- Place: 福建省東山縣 [Fujian Sheng Dongshan Xian] -- Government,https://digital.library.pitt.edu/islandora/object/pitt:31735066267497,https://digital.library.pitt.edu/node/83966/manifest,典契,典出方 方圍九（一般民戶） | 典入方 林武（一般民戶）,東山縣縣長 | 福建省人民政府,街長,方添喜,朱占芳,張崔,Y,Y,,,,,,,非親屬,6,方圍九[典出方/一般民戶] | 林武[典入方/一般民戶] | 方添喜[中人/一般民戶] | 張崔[在見/知見/基層職役] | 朱占芳[代筆/一般民戶] | 東山縣縣長[簽發/核准官員/官員/官府],1950年代城關房屋典契，街長監證，人民幣計價並繳契稅,高
83967,pitt:31735066267505,1954,1954,1954,,Government,東山,ok,福建省東山縣,,林清,陳蕃薯,0,1,1,,福建省東山縣 [Fujian Sheng Dongshan Xian],1 item,"Box 4, Folder 209",Seller: 林清 [LIN Qing] -- Buyer: 陳蕃薯 [CHEN Fanshu] -- Place: 福建省東山縣 [Fujian Sheng Dongshan Xian] -- Government,https://digital.library.pitt.edu/islandora/object/pitt:31735066267505,https://digital.library.pitt.edu/node/83967/manifest,典契,典出方 林清（一般民戶） | 典入方 陳蕃薯（一般民戶）,東山縣人民政府縣長 | 東山縣財政科 | 中央金庫東山支城關經收處,同志,,歐曉,黃興,Y,Y,,,,,,,非親屬,10,林清[典出方/一般民戶] | 陳蕃薯[典入方/一般民戶] | 黃興[在見/知見/一般民戶] | 歐曉[代筆/一般民戶] | 朱天賜[鄰人/四至/一般民戶] | 東山縣人民政府縣長[簽發/核准官員/官員/官府] | 東山縣財政科[簽發/核准官員/官員/官府] | 李春芝[其他/一般民戶] | 陳壽[經辦/登記人員/基層職役] | 傅四[經辦/登記人員/基層職役],"1954年房屋典契,承典人稱「同志」;雙方親自協議不用中,監証人代之;人民幣計價",高
83968,pitt:31735066267513,1921,1921,1921,,Government,,unlabeled,,,姚望兌 | 姚望駀,,0,2,0,,,1 item,"Box 3, Folder 116",Seller: 姚望兌 [YAO Wangdui] and 姚望駀 [YAO Wangyou] -- Government,https://digital.library.pitt.edu/islandora/object/pitt:31735066267513,https://digital.library.pitt.edu/node/83968/manifest,賣斷契,賣方 姚望兌（一般民戶） | 賣方 姚望駀（一般民戶） | 買方 姚望念（一般民戶）,,,,,,,,,,,,,,不明,5,姚望兌[賣方/一般民戶] | 姚望駀[賣方/一般民戶] | 姚望念[買方/一般民戶] | 姚望漏[鄰人/四至/一般民戶] | 姚望記[鄰人/四至/一般民戶],泉州晉江錢倉鄉；中厝份賣厝地與掘頭份同姓，未載親屬稱謂；因欠銀,中
83969,pitt:31735066267521,1934,1934,1934,,Government,閩侯（閩縣・侯官・林森）,ok,福建省閩侯縣,,林述璋,林學通,0,1,1,,福建省閩侯縣 [Fujian Sheng Minhou Xian],1 item,"Box 3, Folder 150",Seller: 林述璋 [LIN Shuzhang] -- Buyer: 林學通 [LIN Xuetong] -- Place: 福建省閩侯縣 [Fujian Sheng Minhou Xian] -- Government,https://digital.library.pitt.edu/islandora/object/pitt:31735066267521,https://digital.library.pitt.edu/node/83969/manifest,賣斷契,賣方 林述璋（一般民戶） | 買方 林學通（一般民戶）,福建省政府財政廳 | 閩侯縣政府 | 第3區區長 | 第1保保長,,,林吉昌,林述發（賣方之堂兄） | 林有泰 | 林宗生,Y,Y,,,,,,,不明,12,林述璋[賣方/一般民戶] | 林學通[買方/一般民戶] | 林述發[在見/知見/一般民戶/賣方之堂兄] | 林有泰[在見/知見/一般民戶] | 林宗生[在見/知見/一般民戶] | 林吉昌[代筆/一般民戶] | 林志禧[其他/一般民戶] | 林繼柱[其他/一般民戶] | 福建省政府財政廳[簽發/核准官員/官員/官府] | 閩侯縣政府[簽發/核准官員/官員/官府] | 第3區區長[簽發/核准官員/官員/官府] | 第1保保長[經辦/登記人員/基層職役],"承父買置田因急需賣斷,買主召佃收租;上手林志禧賣與林繼柱,同姓未言親屬",中
83971,pitt:31735066267539,1953,1953,1953,,Government,晉江,ok,福建省晉江縣,,陳佃,施至尚,0,1,1,,福建省晉江縣 [Fujian Sheng Jinjiang Xian],1 item,"Box 4, Folder 208",Seller: 陳佃 [CHEN Dian] -- Buyer: 施至尚 [SHI Zhishan] -- Place: 福建省晉江縣 [Fujian Sheng Jinjiang Xian] -- Government,https://digital.library.pitt.edu/islandora/object/pitt:31735066267539,https://digital.library.pitt.edu/node/83971/manifest,賣斷契,賣方 陳佃（商號/商人） | 買方 施至尚（一般民戶）,晉江縣縣長 寧敏德,工商戶 | 僑戚 | 鄉長 | 農會主席,施性樣,施至速,施養師 | 施光表,Y,Y,,,,Y,,,非親屬,10,陳佃[賣方/商號/商人] | 施至尚[買方/一般民戶] | 施性樣[中人/一般民戶] | 施光觀[鄰人/四至/一般民戶] | 施至速[代筆/一般民戶] | 施養師[在見/知見/基層職役] | 施光表[在見/知見/基層職役] | 寧敏德[簽發/核准官員/官員/官府] | 施金奇[其他/一般民戶] | 施金[其他/一般民戶],"1953年公定契紙,賣方標階級成分「工商戶」,買方「僑戚」;鄉長、農會主席監證;首頁另見施金奇/施金",中
83972,pitt:31735066267547,1947/1952,1947,1952,Y,Government,東山,ok,福建省東山縣,,黃榮森,黃煌,0,1,1,,福建省東山縣 [Fujian Sheng Dongshan Xian],1 item,"Box 4, Folder 188",Seller: 黃榮森 [HUANG Rongsen] -- Buyer: 黃煌 [HUANG Huang] -- Place: 福建省東山縣 [Fujian Sheng Dongshan Xian] -- Government,https://digital.library.pitt.edu/islandora/object/pitt:31735066267547,https://digital.library.pitt.edu/node/83972/manifest,典契,典出方 黃榮森（一般民戶） | 典入方 黃煌（一般民戶，典出方之族叔）,東山縣縣長 | 第八街街政府,街長,謝鐘,曾筠,黃鐘（典出方之祖父） | 馮賽金,Y,Y,,,,,,,族內/親屬間,10,黃榮森[典出方/一般民戶] | 黃煌[典入方/一般民戶/典出方之族叔] | 黃鐘[在見/知見/一般民戶/典出方之祖父] | 謝鐘[中人/一般民戶] | 曾筠[代筆/一般民戶] | 黃淑真[鄰人/四至/一般民戶] | 馮賽金[在見/知見/基層職役] | 東山縣縣長[簽發/核准官員/官員/官府] | 黃子理[其他/一般民戶] | 第八街街政府[經辦/登記人員/官員/官府],"祖遺瓦厝典與族叔,另立認典契;民國37年官契、1952年繳契稅;街長監證",高
83973,pitt:31735066267554,1943/1952,1943,1952,Y,Government,東山,ok,福建省東山縣,,黃炮,沈秀清,0,1,1,,福建省東山縣 [Fujian Sheng Dongshan Xian],1 item,"Box 3, Folder 166",Seller: 黃炮 [HUANG Pao] -- Buyer: 沈秀清 [SHEN Xiuqing] -- Place: 福建省東山縣 [Fujian Sheng Dongshan Xian] -- Government,https://digital.library.pitt.edu/islandora/object/pitt:31735066267554,https://digital.library.pitt.edu/node/83973/manifest,典契,典出方 黃炮（一般民戶） | 典入方 沈秀清（一般民戶）,東山縣縣長 張世田 | 福建省人民政府 | 第三街政府,街長,謝江霖,林啟昌,,Y,Y,,,,,,,非親屬,9,黃炮[典出方/一般民戶] | 沈秀清[典入方/一般民戶] | 謝江霖[中人/一般民戶] | 林啟昌[代筆/一般民戶] | 黃慧[其他/基層職役] | 東山縣縣長 張世田[簽發/核准官員/官員/官府] | 黃亞素[鄰人/四至/一般民戶] | 陳花螺[鄰人/四至/一般民戶] | 福建省人民政府[簽發/核准官員/官員/官府],民國39年典屋，先問房親不受；1952年人民政府公定契紙稅契，街長監證,高
83974,pitt:31735066267562,1953,1953,1953,,Government,晉江,ok,福建省晉江縣,,陳佃,施至尚,0,1,1,,福建省晉江縣 [Fujian Sheng Jinjiang Xian],1 item,"Box 4, Folder 205",Seller: 陳佃 [CHEN Dian] -- Buyer: 施至尚 [SHI Zhishang] -- Place: 福建省晉江縣 [Fujian Sheng Jinjiang Xian] -- Government,https://digital.library.pitt.edu/islandora/object/pitt:31735066267562,https://digital.library.pitt.edu/node/83974/manifest,賣斷契,賣方 陳佃（商號/商人） | 買方 施至尚（一般民戶）,晉江縣縣長 李敏德 | 福建省人民政府,鄉長 | 工商,石之軍 | 施性德 | 施性樓,施至述,施養師 | 施先東 | 施光來,Y,Y,,,,Y,,,非親屬,13,陳佃[賣方/商號/商人] | 施至尚[買方/一般民戶] | 石之軍[中人/一般民戶] | 施性德[中人/一般民戶] | 施性樓[中人/一般民戶] | 施性羽[鄰人/四至/一般民戶] | 施性哈[鄰人/四至/一般民戶] | 施至述[代筆/一般民戶] | 施養師[在見/知見/基層職役] | 施先東[在見/知見/一般民戶] | 施光來[在見/知見/一般民戶] | 晉江縣縣長 李敏德[簽發/核准官員/官員/官府] | 福建省人民政府[簽發/核准官員/官員/官府],公定分拆契紙，原所有人標工商成分，買方施姓，中證四鄰均施姓,中
83975,pitt:31735066267570,1935/1953,1935,1953,Y,Government,晉江,ok,福建省晉江縣,林親顶,陳佃,施至祥,1,1,1,,福建省晉江縣 [Fujian Sheng Jinjiang Xian],1 item,"Box 3, Folder 155",Owner: 林親顶 [LIN Qinding] -- Seller: 陳佃 [CHEN Dian] -- Buyer: 施至祥 [SHI Zhixiang] -- Place: 福建省晉江縣 [Fujian Sheng Jinjiang Xian] -- Government,https://digital.library.pitt.edu/islandora/object/pitt:31735066267570,https://digital.library.pitt.edu/node/83975/manifest,賣斷契,業主/產權人 林親頂（一般民戶） | 賣方 陳佃（一般民戶） | 買方 施至祥（一般民戶）,晉江縣縣長 | 福建財政廳,,施光泰,,林色堪 | 施養炳,Y,,,,,,,,非親屬,8,林親頂[業主/產權人/一般民戶] | 林色堪[保人/一般民戶] | 陳佃[賣方/一般民戶] | 施至祥[買方/一般民戶] | 施光泰[中人/一般民戶] | 施養炳[在見/知見/一般民戶] | 晉江縣縣長[簽發/核准官員/官員/官府] | 福建財政廳[簽發/核准官員/官員/官府],"1935年林親頂(OCR林祝頂)因契據遺失立執管契補官契,附1953年陳佃賣與施至祥公定契紙",中
83976,pitt:31735066267588,1910/1915,1910,1915,Y,Government,閩侯（閩縣・侯官・林森）,ok,福建省閩侯縣,,王昌年,李學堃,0,1,1,,福建省閩侯縣 [Fujian Sheng Minhou Xian],1 item,"Box 2, Folder 93",Seller: 王昌年 [WANG Changnian] -- Buyer: 李學堃 [LI Xuekun] -- Place: 福建省閩侯縣 [Fujian Sheng Minhou Xian] -- Government,https://digital.library.pitt.edu/islandora/object/pitt:31735066267588,https://digital.library.pitt.edu/node/83976/manifest,賣斷契,賣方 王昌年（一般民戶） | 買方 李學堃（一般民戶）,福建財政廳 | 財政部,,王昌厚 | 方慶由,王其松,馬氏（賣方之母）,Y,,,Y,,,,馬氏,非親屬,9,王昌年[賣方/一般民戶] | 李學堃[買方/一般民戶] | 王昌厚[中人/一般民戶] | 方慶由[中人/一般民戶] | 馬氏[在見/知見/一般民戶/賣方之母] | 王其松[代筆/一般民戶] | 張家[其他/地主/出租業主] | 福建財政廳[簽發/核准官員/官員/官府] | 財政部[簽發/核准官員/官員/官府],祖遺田根賣斷，田根戶年納張家租谷（一田二主）；民國四年補稅契單,高
83977,pitt:31735066267596,1925/1943,1925,1943,Y,Government,永泰（永福）,ok,福建省永泰縣,,金輯和,金信江,0,1,1,,福建省永泰縣 [Fujian Sheng Yongtai Xian],1 item,"Box 3, Folder 125",Seller: 金輯和 [JIN Jihe] -- Buyer: 金信江 [JIN Xinjiang] -- Place: 福建省永泰縣 [Fujian Sheng Yongtai Xian] -- Government,https://digital.library.pitt.edu/islandora/object/pitt:31735066267596,https://digital.library.pitt.edu/node/83977/manifest,賣斷契,賣方 金輯和（一般民戶） | 買方 金信江（一般民戶）,財政部福建省永泰縣田賦管理處 兼處長 | 鄉公所,,林發祥,金石友,金炳和（賣方之弟）,Y,Y,,,,,,,不明,7,金輯和[賣方/一般民戶] | 金信江[買方/一般民戶] | 金炳和[在見/知見/一般民戶/賣方之弟] | 林發祥[中人/一般民戶] | 金石友[代筆/一般民戶] | 財政部福建省永泰縣田賦管理處[簽發/核准官員/官員/官府] | 鄉公所(監證人)[經辦/登記人員/基層職役],父手置底面全田因別置賣與同姓金信江(未載親屬)；1942年官契紙及契稅收據；OCR作金緯和,中
83978,pitt:31735066267604,1953,1953,1953,,Government,,non_fujian,雲南省鶴慶縣,李文富,,,1,0,0,,雲南省鶴慶縣 [Yunnan Sheng Heqing Xian],1 item,"Box 4, Folder 206",Owner: 李文富 [LI Wenfu] -- Place: 雲南省鶴慶縣 [Yunnan Sheng Heqing Xian] -- Government,https://digital.library.pitt.edu/islandora/object/pitt:31735066267604,https://digital.library.pitt.edu/node/83978/manifest,產權證/執照/登記,業主/產權人 李文富（一般民戶）,鶴慶縣人民政府 | 鶴慶縣縣長 陸文斌 | 副縣長,,,,,Y,,,,,,,,不明,3,李文富[業主/產權人/一般民戶] | 鶴慶縣縣長 陸文斌[簽發/核准官員/官員/官府] | 鶴慶縣副縣長[簽發/核准官員/官員/官府],"雲南鶴慶土改土地房產所有證,文登村居民",高
83979,pitt:31735066267612,1952,1952,1952,,Government,邵武,ok,福建邵武縣,李水旺 | 陳連玉 | 李義妹 | 李義草,,,4,0,0,,福建邵武縣 [Fujian Sheng Shaowu Xian],1 item,"Box 4, Folder 201",Owner: 李水旺 [LI Shuiwang] 陳連玉 [CHEN Lianyu] 李義妹 [LI Yimei] and 李義草 [LI Yicao] -- Place: 福建邵武縣 [Fujian Sheng Shaowu Xian] -- Government,https://digital.library.pitt.edu/islandora/object/pitt:31735066267612,https://digital.library.pitt.edu/node/83979/manifest,產權證/執照/登記,業主/產權人 李水旺（一般民戶） | 業主/產權人 陳連玉（一般民戶） | 業主/產權人 李義妹（一般民戶） | 業主/產權人 李義草（一般民戶）,邵武縣縣長 郭洪元,,,,,Y,,,,,,,,不明,8,李水旺[業主/產權人/一般民戶] | 陳連玉[業主/產權人/一般民戶] | 李義妹[業主/產權人/一般民戶] | 李義草[業主/產權人/一般民戶] | 郭洪元[簽發/核准官員/官員/官府] | 范應[鄰人/四至/一般民戶] | 吳姓仔[鄰人/四至/一般民戶] | 李福章[鄰人/四至/一般民戶],1952年土改後土地房產所有證，全家所有十段田十三畝餘及房屋,高
83980,pitt:31735066267620,1889,1889,1889,,Personal,閩侯（閩縣・侯官・林森）,ok,福建省閩邑,,黃振發,高,0,1,1,,福建省閩邑 [Fujian Sheng Min Xian],1 item,"Box 2, Folder 70",Seller: 黃振發 [HUANG Zhenfa] -- Buyer: 高 [GAO] -- Place: 福建省閩邑 [Fujian Sheng Min Xian] -- Personal,https://digital.library.pitt.edu/islandora/object/pitt:31735066267620,https://digital.library.pitt.edu/node/83980/manifest,賣斷契,賣方 黃振發（一般民戶） | 買方 高（一般民戶）,,,余春仁,李珪甫,黃振福（賣方之堂兄） | 高金魁（賣方之母舅）,,,,,,,,,不明,6,黃振發[賣方/一般民戶] | 高[買方/一般民戶] | 黃振福[在見/知見/一般民戶/賣方之堂兄] | 高金魁[在見/知見/一般民戶/賣方之母舅] | 余春仁[中人/一般民戶] | 李珪甫[代筆/一般民戶],承祖空地乏用賣斷高家；在見母舅亦姓高，買方或為母族,中
83981,pitt:31735066267638,,,,,Government,閩侯（閩縣・侯官・林森）,ok,福建省閩邑,,陳燦祥,吳右嚴,0,1,1,,福建省閩邑 [Fujian Sheng Min Xian],1 item,"Box 2, Folder 106",Seller: 陳燦祥 [CHEN Canxiang] -- Buyer: 吳右嚴？ [WU Youyan?] -- Place: 福建省閩邑 [Fujian Sheng Min Xian] -- Government,https://digital.library.pitt.edu/islandora/object/pitt:31735066267638,https://digital.library.pitt.edu/node/83981/manifest,典契,典出方 陳燦祥（一般民戶） | 典出方 廣祥（一般民戶，典出方之胞弟） | 典出方 大兆（一般民戶，典出方之胞姪） | 典入方 吳右嚴（一般民戶）,,,吳子仁 | 吳維清 | 陳細弟,陳九齡,兆祥（典出方之堂兄） | 吳氏（典出方之母） | 大焜（典出方之胞姪）,,,,,,,,吳氏,非親屬,14,陳燦祥[典出方/一般民戶] | 廣祥[典出方/一般民戶/典出方之胞弟] | 大兆[典出方/一般民戶/典出方之胞姪] | 吳右嚴[典入方/一般民戶] | 兆祥[在見/知見/一般民戶/典出方之堂兄] | 吳氏[在見/知見/一般民戶/典出方之母] | 大焜[在見/知見/一般民戶/典出方之胞姪] | 吳子仁[中人/一般民戶] | 吳維清[中人/一般民戶] | 陳細弟[中人/一般民戶] | 陳九齡[代筆/一般民戶] | 陳必清[其他/一般民戶] | 吳開揚[其他/一般民戶] | 吳開成[其他/一般民戶],兄弟叔姪共典父置牆屋；典主可居住或召租；上手陳必清、吳開揚、吳開成契連繳,中
83982,pitt:31735066267646,1909,1909,1909,,Government,建陽,ok,福建省建陽縣,,何金盛,何振華,0,1,1,,福建省建陽縣 [Fujian Sheng Jianyang Xian],1 item,"Box 2, Folder 89",Seller: 何金盛 [HE Jinsheng] -- Buyer: 何振華 [HE Zhenhua] -- Place: 福建省建陽縣 [Fujian Sheng Jianyang Xian] -- Government,https://digital.library.pitt.edu/islandora/object/pitt:31735066267646,https://digital.library.pitt.edu/node/83982/manifest,契尾/稅契憑證,賣方 何金盛（一般民戶） | 買方 何振華（一般民戶）,福建等處承宣布政使司,,,,,Y,,,,,,,,不明,3,福建等處承宣布政使司[簽發/核准官員/官員/官府] | 何金盛[賣方/一般民戶] | 何振華[買方/一般民戶],"契尾僅存乾隆格式套語,當事人名據目錄,OCR未見",低
83983,pitt:31735066267653,1949,1949,1949,,Government,,unresolved,華東,,,,0,0,0,,華東 [Huadong(East China)],1 item,"Box 4, Folder 190",Place: 華東 [Huadong(East China)] -- Government,https://digital.library.pitt.edu/islandora/object/pitt:31735066267653,https://digital.library.pitt.edu/node/83983/manifest,其他,,,,,,,,,,,,,,,不明,0,,OCR空白，無可辨識內容（華東，1949）,低
83984,pitt:31735066267661,1953,1953,1953,,Government,,non_fujian,四川省榮縣,藍福良,,,1,0,0,,四川省榮縣 [Sichuan Sheng Rong Xian],1 item,"Box 4, Folder 207",Owner: 藍福良 [LAN Fuliang] -- Place: 四川省榮縣 [Sichuan Sheng Rong Xian] -- Government,https://digital.library.pitt.edu/islandora/object/pitt:31735066267661,https://digital.library.pitt.edu/node/83984/manifest,產權證/執照/登記,業主/產權人 藍福良（一般民戶） | 業主/產權人 藍其沛（一般民戶，業主之夫） | 業主/產權人 藍厥祥（一般民戶，業主之子）,榮縣縣長 陳玉祥 | 副縣長 魏景魁,,,,,Y,,,,,,,藍福良,不明,11,藍福良[業主/產權人/一般民戶] | 藍其沛[業主/產權人/一般民戶/業主之夫] | 藍厥祥[業主/產權人/一般民戶/業主之子] | 藍彭順[鄰人/四至/一般民戶] | 張明光[鄰人/四至/一般民戶] | 藍龍章[鄰人/四至/一般民戶] | 藍其全[鄰人/四至/一般民戶] | 藍慶祥[鄰人/四至/一般民戶] | 趙治榮[鄰人/四至/一般民戶] | 榮縣縣長 陳玉祥[簽發/核准官員/官員/官府] | 榮縣副縣長 魏景魁[簽發/核准官員/官員/官府],四川土改所有證，戶主為女性（列夫、子），共2畝；四鄰多藍姓,中
83986,pitt:31735066267679,1949/1952,1949,1952,Y,Government,東山,ok,福建省東山縣,,林定宗林登宗,余溪,0,1,1,,福建省東山縣 [Fujian Sheng Dongshan Xian],1 item,"Box 4, Folder 192",Seller: 林定宗（林登宗？） [LIN Ding(Deng)zong] -- Buyer: 余溪 [YU Xi] -- Place: 福建省東山縣 [Fujian Sheng Dongshan Xian] -- Government,https://digital.library.pitt.edu/islandora/object/pitt:31735066267679,https://digital.library.pitt.edu/node/83986/manifest,典契,典出方 林登宗（一般民戶） | 典入方 余溪（一般民戶）,,,許揚,,,,,,,,,,,非親屬,3,林登宗[典出方/一般民戶] | 余溪[典入方/一般民戶] | 許揚[中人/一般民戶],典厝先問叔兄弟不能承典始外典；1950年補繳契稅；中人兼代筆,中
83987,pitt:31735066267687,,,,,Personal,,unlabeled,,,王志撥,陳,0,1,1,,,1 item,"Box 1, Folder 20",Seller: 王志撥？ [WANG Zhibo] -- Buyer: 陳 [CHEN] -- Personal,https://digital.library.pitt.edu/islandora/object/pitt:31735066267687,https://digital.library.pitt.edu/node/83987/manifest,典契,典出方 王志撥（一般民戶） | 典入方 陳慶（地主/出租業主）,閩縣正堂徐,,陳務睦 | 葉開蔚,王興朝,陳國標,Y,,,Y,,,,陳林氏 | 林陳氏,非親屬,14,王志撥[典出方/一般民戶] | 陳慶[典入方/地主/出租業主] | 陳務睦[中人/一般民戶] | 葉開蔚[中人/一般民戶] | 陳國標[在見/知見/一般民戶] | 王興朝[代筆/一般民戶] | 陳林氏[其他/一般民戶] | 史尚才[其他/一般民戶] | 林陳氏[其他/一般民戶] | 曾君盛[其他/一般民戶] | 林文發[其他/一般民戶] | 王代龍[其他/一般民戶] | 陳國祥[其他/一般民戶] | 閩縣正堂徐[簽發/核准官員/官員/官府],"父手置店屋兩進典與陳家收租居住,附繳上手契15份;贖時用下杭街錢店銀票;道光2年,後註宣統2年",中
83988,pitt:31735066267695,1939,1939,1939,,Government,永泰（永福）,ok,福建省永泰縣,林施裕,,,1,0,0,,福建省永泰縣 [Fujian Sheng Yongtai Xian],1 item,"Box 3, Folder 161",Owner: 林施裕 [LIN Shiyu] -- Place: 福建省永泰縣 [Fujian Sheng Yongtai Xian] -- Government,https://digital.library.pitt.edu/islandora/object/pitt:31735066267695,https://digital.library.pitt.edu/node/83988/manifest,賣契(活賣),賣方 金敏涂（一般民戶） | 賣方 金敏村（一般民戶，賣方之弟） | 買方 林施裕（地主/出租業主）,福建省政府財政廳 | 永泰縣政府,,黃慶麟,,金信椿（賣方之叔）,Y,,,Y,Y,Y,,,非親屬,19,金敏涂[賣方/一般民戶] | 金敏村[賣方/一般民戶/賣方之弟] | 金信椿[在見/知見/一般民戶/賣方之叔] | 黃慶麟[中人/一般民戶] | 林施裕[買方/地主/出租業主] | 吳以枝[其他/佃戶] | 吳德任[其他/佃戶] | 陳邦寧[其他/佃戶] | 陳光師[其他/佃戶] | 吳輝華[其他/一般民戶] | 林吉桐[其他/一般民戶] | 合興店[其他/商號/商人] | 金恭善[其他/一般民戶] | 金能洋[其他/一般民戶] | 金恭蘊[其他/一般民戶] | 陳名周[其他/一般民戶] | 建裕[其他/一般民戶] | 福建省政府財政廳[簽發/核准官員/官員/官府] | 永泰縣政府[簽發/核准官員/官員/官府],"民國23年賣契言明五年限可贖(實為典),民國28年以典契紙投稅並罰逾限;附承耕退佃字,買主可起佃收租",高
83989,pitt:31735066267703,1921,1921,1921,,Government,閩侯（閩縣・侯官・林森）,ok,福建省閩侯縣,,林祥德,張經炎,0,1,1,,福建省閩侯縣 [Fujian Sheng Minhou Xian],1 item,"Box 3, Folder 114",Seller: 林祥德 [LIN Xiangde] -- Buyer: 張經炎 [ZHANG Jingyan] -- Place: 福建省閩侯縣 [Fujian Sheng Minhou Xian] -- Government,https://digital.library.pitt.edu/islandora/object/pitt:31735066267703,https://digital.library.pitt.edu/node/83989/manifest,賣斷契,賣方 林祥德（一般民戶） | 買方 張經炎（一般民戶）,縣政府(官契紙),,,林祥欽,林壽德（賣方之弟） | 林澤洪（賣方之兄）,Y,,,,,,,,非親屬,6,林祥德[賣方/一般民戶] | 張經炎[買方/一般民戶] | 林壽德[在見/知見/一般民戶/賣方之弟] | 林澤洪[在見/知見/一般民戶/賣方之兄] | 林祥欽[代筆/一般民戶] | 縣政府[簽發/核准官員/官員/官府],買方稱確(碓)匠，為手藝人；民國五年賣斷根面全田,中
83990,pitt:31735066267711,1659,1659,1659,,Personal,,unlabeled,,,范南山,,0,1,0,,,1 item,"Box 1, Folder 2",Seller: 范南山 [FAN Nanshan] -- Personal,https://digital.library.pitt.edu/islandora/object/pitt:31735066267711,https://digital.library.pitt.edu/node/83990/manifest,賣斷契,賣方 范南山（一般民戶） | 買方 劉宅（一般民戶）,,,魏玉鵠,楊時發,蕭春卿,,,,,,,,,非親屬,5,范南山[賣方/一般民戶] | 劉宅[買方/一般民戶] | 魏玉鵠[中人/一般民戶] | 蕭春卿[在見/知見/一般民戶] | 楊時發[代筆/一般民戶],順治年間承祖荒山抽出一穴賣與劉宅安葬墳墓,高
83991,pitt:31735066267729,1678,1678,1678,,Government,,unlabeled,,,徐正耀,,0,1,0,,unknown,1 item,"Box 1, Folder 3",Seller: 徐正耀 [XU Zhengyao] -- Place: unknown -- Government,https://digital.library.pitt.edu/islandora/object/pitt:31735066267729,https://digital.library.pitt.edu/node/83991/manifest,賣斷契,賣方 徐正耀（一般民戶） | 買方 楊元吉（一般民戶）,,,吳朝學,陳五發,,,,,,,,,,非親屬,5,徐正耀[賣方/一般民戶] | 楊元吉[買方/一般民戶] | 翁鄉暢[其他/一般民戶] | 吳朝學[中人/一般民戶] | 陳五發[代筆/一般民戶],祖屋竹山因欠田租無抵統賣楊家；含書院空地,中
83992,pitt:31735066267737,1869,1869,1869,,Personal,,unlabeled,,,黃奶壽,,0,1,0,,,1 item,"Box 1, Folder 45",Seller: 黃奶壽 [HUANG Naishou] -- Personal,https://digital.library.pitt.edu/islandora/object/pitt:31735066267737,https://digital.library.pitt.edu/node/83992/manifest,賣斷契,賣方 黃奶壽（一般民戶） | 買方 程金寶（一般民戶）,,,張炳孫 | 朱迓奴,,黃奴老（賣方之伯）,,,,,,,,,非親屬,5,黃奶壽[賣方/一般民戶] | 程金寶[買方/一般民戶] | 張炳孫[中人/一般民戶] | 朱迓奴[中人/一般民戶] | 黃奴老[在見/知見/一般民戶/賣方之伯],因父身故胞弟年幼缺銀賣斷祖遺杉竹山,高
83993,pitt:31735066267745,1952,1952,1952,,Government,東山,ok,福建省東山縣,,朱發,,0,1,0,,福建省東山縣 [Fujian Sheng Dongshan Xian],1 item,"Box 4, Folder 198",Seller: 朱發 [ZHU Fa ] -- Place: 福建省東山縣 [Fujian Sheng Dongshan Xian] -- Government,https://digital.library.pitt.edu/islandora/object/pitt:31735066267745,https://digital.library.pitt.edu/node/83993/manifest,典契,典出方 沙秀玉（一般民戶） | 典出方 沙群（一般民戶） | 典入方 朱發（一般民戶）,東山縣縣長 | 第二街政府,街長,林和,黃明德,陳秀眉（典出方之母） | 陳壽卿,Y,Y,,,,,,陳秀眉,非親屬,9,沙秀玉[典出方/一般民戶] | 沙群[典出方/一般民戶] | 朱發[典入方/一般民戶] | 林和[中人/一般民戶] | 陳秀眉[在見/知見/一般民戶/典出方之母] | 黃明德[代筆/一般民戶] | 陳壽卿[在見/知見/基層職役] | 東山縣縣長[簽發/核准官員/官員/官府] | 第二街政府[簽發/核准官員/官員/官府],1952年典出祖遺店屋；承典人每年納店租白米與出典人；目錄誤以朱發為賣方,中
83994,pitt:31735066267752,1952,1952,1952,,Government,東山,ok,福建省東山縣,,孫宗馨,,0,1,0,,福建省東山縣 [Fujian Sheng Dongshan Xian],1 item,"Box 4, Folder 199",Seller: 孫宗馨 [SUN Zongxin ] -- Place: 福建省東山縣 [Fujian Sheng Dongshan Xian] -- Government,https://digital.library.pitt.edu/islandora/object/pitt:31735066267752,https://digital.library.pitt.edu/node/83994/manifest,典契,典出方 許其和（一般民戶） | 典入方 孫宗馨（一般民戶）,,,林金錫,劉泗寶,許陳氏（典出方之母）,,,,,,,,許陳氏,非親屬,5,許其和[典出方/一般民戶] | 孫宗馨[典入方/一般民戶] | 林金錫[中人/一般民戶] | 許陳氏[在見/知見/一般民戶/典出方之母] | 劉泗寶[代筆/一般民戶],祖父份下厝屋先盡房親不受後典與孫宗馨先生，以赤金計價五年；目錄誤列孫為賣方,高
83995,pitt:31735066267760,1916,1916,1916,,Government,閩清,ok,福建省閩清縣,,長忠,,0,1,0,,福建省閩清縣 [Fujian Sheng Minqing Xian],1 item,"Box 2, Folder 104",Seller: 長忠 [Changzhong] -- Place: 福建省閩清縣 [Fujian Sheng Minqing Xian] -- Government,https://digital.library.pitt.edu/islandora/object/pitt:31735066267760,https://digital.library.pitt.edu/node/83995/manifest,典契,典出方 長蕃（一般民戶） | 典出方 長萃（一般民戶，典出方之弟） | 典出方 長蓮（一般民戶，典出方之弟） | 典出方 長莊（一般民戶，典出方之弟） | 典出方 長葦（一般民戶，典出方之弟） | 典入方 長忠（一般民戶，典出方之兄）,福建財政廳 | 財政部 | 閩清縣,,長其（典出方之兄）,,長芹（典出方之兄）,Y,,,,,,,,族內/親屬間,10,長蕃[典出方/一般民戶] | 長萃[典出方/一般民戶/典出方之弟] | 長蓮[典出方/一般民戶/典出方之弟] | 長莊[典出方/一般民戶/典出方之弟] | 長葦[典出方/一般民戶/典出方之弟] | 長忠[典入方/一般民戶/典出方之兄] | 長芹[在見/知見/一般民戶/典出方之兄] | 長其[中人/一般民戶/典出方之兄] | 福建財政廳[簽發/核准官員/官員/官府] | 李晉伍[其他/不明],"兄弟間典祖父鬮內民田,兄可離佃耕作,不拘年限取贖;光緒18年典契,民國5年(洪憲)補稅契單",中
83996,pitt:31735066267778,1949,1949,1949,,Government,,non_fujian,遼寧省新金縣,嬌世范,,,1,0,0,,遼寧省新金縣 [Liaoning Sheng Xinjin Xian],1 item,"Box 4, Folder 189",Owner: 嬌世范 [JIAO Shifan] -- Place: 遼寧省新金縣 [Liaoning Sheng Xinjin Xian] -- Government,https://digital.library.pitt.edu/islandora/object/pitt:31735066267778,https://digital.library.pitt.edu/node/83996/manifest,產權證/執照/登記,業主/產權人 矯世範（一般民戶） | 業主/產權人 矯小東（一般民戶，共有人） | 業主/產權人 矯劉氏（一般民戶，共有人） | 業主/產權人 矯二周（一般民戶，共有人） | 業主/產權人 矯李氏（一般民戶，共有人）,東北行政委員會,,,,,Y,,,,,,,矯劉氏 | 矯李氏,不明,7,矯世範[業主/產權人/一般民戶] | 矯小東[業主/產權人/一般民戶/共有人] | 矯劉氏[業主/產權人/一般民戶/共有人] | 矯二周[業主/產權人/一般民戶/共有人] | 矯李氏[業主/產權人/一般民戶/共有人] | 矯恒安[其他/一般民戶/共有人(已亡)] | 東北行政委員會[簽發/核准官員/官員/官府],遼寧新金縣1949年平分土地後土地執照(非福建)；目錄名嬌世范為誤；家戶共有含二婦女,高
83997,pitt:31735066267786,1584,1584,1584,,Personal,連城,ok,福建省連城縣,張炳財,,,1,0,0,,福建省連城縣 [Fujian Sheng Liancheng Xian],1 item,"Box 1, Folder 1",Owner: 張炳財 [ZHANG Bingcai] -- Place: 福建省連城縣 [Fujian Sheng Liancheng Xian] -- Personal,https://digital.library.pitt.edu/islandora/object/pitt:31735066267786,https://digital.library.pitt.edu/node/83997/manifest,產權證/執照/登記,業主/產權人 張炳財（一般民戶） | 業主/產權人 張萬殿（一般民戶，戶丁）,連城縣(萬曆清丈),戶長 | 戶丁 | 公正,,,,,Y,,,,,,,不明,8,張炳財[業主/產權人/一般民戶] | 張萬殿[業主/產權人/一般民戶/戶丁] | 吳世源[鄰人/四至/一般民戶] | 吳大傳[鄰人/四至/一般民戶] | 吳光裕[鄰人/四至/一般民戶] | 張族質[鄰人/四至/一般民戶] | 余彙書[經辦/登記人員/基層職役] | 吳志祥[經辦/登記人員/基層職役],萬曆十二年清丈歸戶單，戶長張炳財、戶丁執業；公正經手,中
83998,pitt:31735066267794,1949/1952,1949,1952,Y,Government,東山,ok,福建省東山縣,,劉隹,沙延德,0,1,1,,福建省東山縣 [Fujian Sheng Dongshan Xian],1 item,"Box 4, Folder 193",Seller: 劉隹 [LIU Zhui] -- Buyer: 沙延德 [SHA Yande] -- Place: 福建省東山縣 [Fujian Sheng Dongshan Xian] -- Government,https://digital.library.pitt.edu/islandora/object/pitt:31735066267794,https://digital.library.pitt.edu/node/83998/manifest,典契,典出方 沙延德（一般民戶） | 典入方 劉隹（一般民戶）,東山縣縣長 張世國 | 福建省人民政府,街長,張鐘芝,林啓昌,陳壽卿,Y,Y,,,,,,,非親屬,7,沙延德[典出方/一般民戶] | 劉隹[典入方/一般民戶] | 張鐘芝[中人/一般民戶] | 林啓昌[代筆/一般民戶] | 陳壽卿[在見/知見/基層職役] | 沙奕謙[鄰人/四至/一般民戶] | 東山縣縣長張世國[簽發/核准官員/官員/官府],以借厝合約名義付金借住三年，實為典；1952年補填官典契並繳稅,中
83999,pitt:31735066267802,1854/1913,1854,1913,Y,Government,閩侯（閩縣・侯官・林森）,ok,福建省閩侯縣和侯官縣,葉成,林厚成,葉成,1,1,1,,福建省閩侯縣和侯官縣[Fujian Sheng Minhou Xian and Houguan Xian],1 item,"Box 1, Folder 34",Owner: 葉成 [YE Cheng] --Seller: 林厚成 [LIN Houcheng] -- Buyer: 葉成 [YE Cheng] -- Place: 福建省閩侯縣和侯官縣[Fujian Sheng Minhou Xian and Houguan Xian] -- Government,https://digital.library.pitt.edu/islandora/object/pitt:31735066267802,https://digital.library.pitt.edu/node/83999/manifest,契尾/稅契憑證,買方 葉成（一般民戶） | 賣方 林厚成（一般民戶）,福建等處承宣布政使司 | 侯官縣 | 福建國稅廳籌備處 | 財政部 | 福建財政廳,,陳元海,落則榮,,Y,,,,,,,,不明,9,葉成[買方/一般民戶] | 林厚成[賣方/一般民戶] | 陳元海[中人/一般民戶] | 林道吉[其他/不明] | 落則榮[代筆/不明] | 福建等處承宣布政使司[簽發/核准官員/官員/官府] | 侯官縣[簽發/核准官員/官員/官府] | 福建國稅廳籌備處[簽發/核准官員/官員/官府] | 福建財政廳[簽發/核准官員/官員/官府],"道光買受林厚成店屋契尾,民國二年換契單,十五年再驗;標的為店屋",中
84000,pitt:31735066267810,1892/1894,1892,1894,Y,Government,,unresolved,福建省,陳亮 | 李清,,,2,0,0,,福建省 [Fujian Sheng],1 item,"Box 2, Folder 75",Owner: 陳亮 [CHEN Liang] and 李清 [LI Qing] -- Place: 福建省 [Fujian Sheng] -- Government,https://digital.library.pitt.edu/islandora/object/pitt:31735066267810,https://digital.library.pitt.edu/node/84000/manifest,稅單/納稅收據,業主/產權人 陳亮（一般民戶）,侯官縣正堂 李 | 侯官縣縣丞 | 福州府,欽加同知銜,,,,Y,,,,,,,,不明,4,陳亮[業主/產權人/一般民戶] | 李清[其他/一般民戶] | 侯官縣知縣 李[簽發/核准官員/官員/官府] | 侯官縣縣丞[簽發/核准官員/官員/官府],光緒十八至二十年屯銀屯米版串執照，陳亮以故軍李清戶名納屯糧（軍屯戶）,中
84002,pitt:31735066267828,1886/1913,1886,1913,Y,Government,閩侯（閩縣・侯官・林森）,ok,福建省閩侯縣,,王師禮,許大華,0,1,1,,福建省閩侯縣 [Fujian Sheng Minhou Xian],1 item,"Box 2, Folder 62",Seller: 王師禮 [WANG Shili] -- Buyer: 許大華 [XU Dahua] -- Place: 福建省閩侯縣 [Fujian Sheng Minhou Xian] -- Government,https://digital.library.pitt.edu/islandora/object/pitt:31735066267828,https://digital.library.pitt.edu/node/84002/manifest,賣斷契,賣方 王師禮（一般民戶） | 買方 許大華（一般民戶）,福建國稅廳籌備處,,林天送,黃杰,陳氏（賣方之母） | 王師義（賣方之胞兄） | 王師智（賣方之弟）,Y,,,,,,,陳氏,非親屬,9,王師禮[賣方/一般民戶] | 許大華[買方/一般民戶] | 林天送[中人/一般民戶] | 陳氏[在見/知見/一般民戶/賣方之母] | 王師義[在見/知見/一般民戶/賣方之胞兄] | 王師智[在見/知見/一般民戶/賣方之弟] | 黃杰[代筆/一般民戶] | 王士全[其他/一般民戶] | 福建國稅廳籌備處[簽發/核准官員/官員/官府],父鬮分根面全民田因乏用賣斷；買主可召佃收租；民國二年驗契換發契單,高
84003,pitt:31735066267836,1909,1909,1909,,Government,,unlabeled,,,熾原,尚堃,0,1,1,,unknown,1 item,"Box 2, Folder 90",Seller: 熾原 [Chiyuan] -- Buyer: 尚堃 [Shangkun] -- Place: unknown -- Government,https://digital.library.pitt.edu/islandora/object/pitt:31735066267836,https://digital.library.pitt.edu/node/84003/manifest,賣斷契,賣方 熾原（一般民戶） | 買方 尚堃（一般民戶，賣方之胞弟）,,,,陳端率,尚望（賣方之胞弟）,,,,,,,,,族內/親屬間,5,熾原[賣方/一般民戶] | 尚堃[買方/一般民戶/賣方之胞弟] | 尚望[在見/知見/一般民戶/賣方之胞弟] | 陳端率[代筆/一般民戶] | 吳玉曲[其他/一般民戶],闔分民田因要用賣斷與胞弟，買方可召佃收租；糧掛吳玉曲戶,中
84004,pitt:31735066267844,1782,1782,1782,,Personal,,unlabeled,,,可翅,,0,1,0,,unknown,1 item,"Box 1, Folder 10",Seller: 可翅 [KE Chi] -- Place: unknown --Personal,https://digital.library.pitt.edu/islandora/object/pitt:31735066267844,https://digital.library.pitt.edu/node/84004/manifest,典契,典出方 可翹（一般民戶，典入方之叔） | 典入方 欽密（一般民戶，典出方之姪）,,,程叔順,,世隆氏 | 可森（典出方之兄） | 志涵（典出方之叔）,,,,,,,,世隆氏,族內/親屬間,9,可翹[典出方/一般民戶/典入方之叔] | 欽密[典入方/一般民戶/典出方之姪] | 世隆氏[在見/知見/一般民戶] | 可森[在見/知見/一般民戶/典出方之兄] | 程叔順[中人/一般民戶] | 志涵[在見/知見/一般民戶/典出方之叔] | 甘華[其他/不明] | 潘亨選[其他/一般民戶] | 林大鵬[其他/一般民戶],"叔將承祖田繳典與姪,六年限滿取贖;糧在林大鵬戶下",中
84005,pitt:31735066267851,1903,1903,1903,,Personal,,unlabeled,,,林與清,,0,1,0,,unknown,1 item,"Box 2, Folder 84",Seller: 林與清 [LIN Yuqing] -- Place: unknown --Personal,https://digital.library.pitt.edu/islandora/object/pitt:31735066267851,https://digital.library.pitt.edu/node/84005/manifest,典契,典出方 林與清（一般民戶） | 典出方 興田（一般民戶，典出方之胞弟） | 典入方 程貞雨（一般民戶）,,,程本容,,洪氏（典出方之母） | 克院（典出方之叔）,,,,,,,,洪氏,非親屬,8,林與清[典出方/一般民戶] | 興田[典出方/一般民戶/典出方之胞弟] | 程貞雨[典入方/一般民戶] | 洪氏[在見/知見/一般民戶/典出方之母] | 克院[在見/知見/一般民戶/典出方之叔] | 程本容[中人/一般民戶] | 林興火[其他/一般民戶] | 黃來寶[其他/一般民戶],兄弟將屯田繳典與程，典主可耕作或召佃收租；自筆；連繳上手典契,中
84006,pitt:31735066267869,1929,1929,1929,,Government,閩侯（閩縣・侯官・林森）,ok,福建省閩侯縣,陳傳京,陈成餘,,1,1,0,,福建省閩侯縣 [Fujian Sheng Minhou Xian],1 item,"Box 3, Folder 140",Owner: 陳傳京 [CHEN Chuanjing] -- Seller: 陈成餘 [CHEN Chengyu] -- Place: 福建省閩侯縣 [Fujian Sheng Minhou Xian] -- Government,https://digital.library.pitt.edu/islandora/object/pitt:31735066267869,https://digital.library.pitt.edu/node/84006/manifest,契尾/稅契憑證,買方 陳傳京（一般民戶） | 賣方 陳成餘（一般民戶）,福建省政府財政廳,,危聰,,,Y,,,,,,,,不明,4,陳傳京[買方/一般民戶] | 陳成餘[賣方/一般民戶] | 危聰[中人/一般民戶] | 福建省政府財政廳[簽發/核准官員/官員/官府],財政廳官印賣契，田在浮村，同姓無親屬稱謂,高
84007,pitt:31735066267877,1951,1951,1951,,Government,閩侯（閩縣・侯官・林森）,ok,福建省閩侯縣,黃生官,,,1,0,0,,福建省閩侯縣 [Fujian Sheng Minhou Xian],1 item,"Box 4, Folder 195",Owner: 黃生官 [HUANG Shengguan] -- Place: 福建省閩侯縣 [Fujian Sheng Minhou Xian] -- Government,https://digital.library.pitt.edu/islandora/object/pitt:31735066267877,https://digital.library.pitt.edu/node/84007/manifest,產權證/執照/登記,業主/產權人 黃生官（一般民戶） | 業主/產權人 黃寶寬（一般民戶）,閩侯縣人民政府,,,,,Y,,,,,,,,不明,3,黃生官[業主/產權人/一般民戶] | 黃寶寬[業主/產權人/一般民戶] | 閩侯縣人民政府[簽發/核准官員/官員/官府],土改後土地房產所有證，全戶土地四畝餘、房屋三間,中
84008,pitt:31735066267885,1858,1858,1858,,Government,,unlabeled,,,陳士曾,,0,1,0,,unknown,1 item,"Box 1, Folder 35",Seller: 陳士曾 [CHEN Shizeng] -- Place: unknown -- Government,https://digital.library.pitt.edu/islandora/object/pitt:31735066267885,https://digital.library.pitt.edu/node/84008/manifest,賣斷契,賣方 陳士曾（一般民戶） | 買方 陳士慶（一般民戶，賣方之堂兄）,,,陳開文（賣方之族叔）,危忠高,陳士美（賣方之胞弟）,,,,,,,,,族內/親屬間,6,陳士曾[賣方/一般民戶] | 陳士慶[買方/一般民戶/賣方之堂兄] | 陳士美[在見/知見/一般民戶/賣方之胞弟] | 陳開文[中人/一般民戶/賣方之族叔] | 危忠高[代筆/一般民戶] | 陳孟壽[其他/一般民戶],根面全田賣斷堂兄，族叔為中；糧在陳孟壽戶,高
84009,pitt:31735066267893,1887,1887,1887,,Government,閩侯（閩縣・侯官・林森）,ok,福建省閩縣,,陳必清,陳必泉,0,1,1,,福建省閩縣 [Fujian Sheng Min Xian],1 item,"Box 2, Folder 64",Seller: 陳必清 [CHEN Biqing] -- Buyer: 陳必泉 [CHEN Biquan] -- Place: 福建省閩縣 [Fujian Sheng Min Xian] -- Government,https://digital.library.pitt.edu/islandora/object/pitt:31735066267893,https://digital.library.pitt.edu/node/84009/manifest,典契,典出方 陳必清（一般民戶） | 典入方 陳必泉（一般民戶）,,,劉志潮 | 呂光達,方忠榮,梁氏（典出方之妻） | 陳鍾祥（典出方之長男） | 陳應祥（典出方之侄） | 何鴻陞,,,,,,,,梁氏,不明,11,陳必清[典出方/一般民戶] | 陳必泉[典入方/一般民戶] | 梁氏[在見/知見/一般民戶/典出方之妻] | 陳鍾祥[在見/知見/一般民戶/典出方之長男] | 陳應祥[在見/知見/一般民戶/典出方之侄] | 何鴻陞[在見/知見/一般民戶] | 劉志潮[中人/一般民戶] | 呂光達[中人/一般民戶] | 方忠榮[代筆/一般民戶] | 吳開楊[其他/一般民戶] | 吳開成[其他/一般民戶],福州茶葉街牆屋典出，限五年；同姓陳必泉承典(未載親屬)；附吳姓上手典斷契司單,高
84010,pitt:31735066267901,1888,1888,1888,,Government,閩侯（閩縣・侯官・林森）,ok,福建省閩縣,,陳必清,陳必泉,0,1,1,,福建省閩縣 [Fujian Sheng Min Xian],1 item,"Box 2, Folder 69",Seller: 陳必清 [CHEN Biqing] -- Buyer: 陳必泉 [CHEN Biquan] -- Place: 福建省閩縣 [Fujian Sheng Min Xian] -- Government,https://digital.library.pitt.edu/islandora/object/pitt:31735066267901,https://digital.library.pitt.edu/node/84010/manifest,賣斷契,賣方 陳必清（一般民戶） | 買方 陳必泉（一般民戶）,,,劉志潮 | 呂光達 | 方忠,,梁氏（賣方之妻） | 陳鍾祥（賣方之長男） | 陳應祥（賣方之侄） | 何鴻陞（賣方之外甥）,,,,,,,,梁氏,不明,13,陳必清[賣方/一般民戶] | 陳必泉[買方/一般民戶] | 梁氏[在見/知見/一般民戶/賣方之妻] | 陳鍾祥[在見/知見/一般民戶/賣方之長男] | 陳應祥[在見/知見/一般民戶/賣方之侄] | 何鴻陞[在見/知見/一般民戶/賣方之外甥] | 劉志潮[中人/一般民戶] | 呂光達[中人/一般民戶] | 方忠[中人/一般民戶] | 陳之福[其他/一般民戶] | 吳開揚[其他/一般民戶] | 揭開成[其他/一般民戶] | 謝得本[其他/一般民戶],急需賣斷牆屋，妻子姪甥均在見；買方可召租他人；同姓無明確親屬稱謂,中
84011,pitt:31735066267919,1913,1913,1913,,Government,閩侯（閩縣・侯官・林森）,ok,福建省閩侯縣,陳必泉,,,1,0,0,,福建省閩侯縣 [Fujian Sheng Minhou Xian],1 item,"Box 2, Folder 99",Owner: 陳必泉 [CHEN Biquan] -- Place: 福建省閩侯縣 [Fujian Sheng Minhou Xian] -- Government,https://digital.library.pitt.edu/islandora/object/pitt:31735066267919,https://digital.library.pitt.edu/node/84011/manifest,契尾/稅契憑證,業主/產權人 陳必泉（一般民戶） | 賣方 陳必清（一般民戶）,福建國稅廳籌備處 | 財政部,,劉志潮,,,Y,,,,,,,,不明,4,陳必泉[業主/產權人/一般民戶] | 陳必清[賣方/一般民戶] | 劉志潮[中人/一般民戶] | 福建國稅廳籌備處[簽發/核准官員/官員/官府],民國二年驗契單，光緒十四年買受墻厝,高
84012,pitt:31735066267927,1949,1949,1949,,Government,閩侯（閩縣・侯官・林森）,ok,福建省福州市,,,,0,0,0,,福建省福州市 [Fujian Sheng Fuzhou Shi],1 item,"Box 4, Folder 191",Seller: unknown -- Place: 福建省福州市 [Fujian Sheng Fuzhou Shi] -- Government,https://digital.library.pitt.edu/islandora/object/pitt:31735066267927,https://digital.library.pitt.edu/node/84012/manifest,其他,,交通部公路局第三區公路管理局局長 陳錦松,見習生,,,,Y,,,,,,,,不明,2,陳錦松[簽發/核准官員/官員/官府] | 賴騎濤[其他/一般民戶],非土地契，係民國廿八年公路局人事調派令,高
84013,pitt:31735066267935,1947,1947,1947,,Government,閩侯（閩縣・侯官・林森）,ok,福建省林森縣,,陳潮寳,陳敦清,0,1,1,,福建省林森縣 [Fujian Sheng Linsen Xian],1 item,"Box 4, Folder 187",Seller: 陳潮寳 [CHEN Chaobao] -- Buyer: 陳敦清 [CHEN Dunqing] -- Place: 福建省林森縣 [Fujian Sheng Linsen Xian] -- Government,https://digital.library.pitt.edu/islandora/object/pitt:31735066267935,https://digital.library.pitt.edu/node/84013/manifest,賣斷契,賣方 陳潮寳（一般民戶） | 買方 陳敦清（一般民戶）,福建省林森縣賦糧管運處,保長,,,楊,Y,Y,,,,,,,不明,4,陳潮寳[賣方/一般民戶] | 陳敦清[買方/一般民戶] | 楊[在見/知見/基層職役] | 福建省林森縣賦糧管運處[簽發/核准官員/官員/官府],"官印賣契本契,蓮華鄉風塘保;OCR賣主作陳朝賢、另見陳啟流,與目錄不合;保長楊監證",低
84014,pitt:31735066267943,1924,1924,1924,,Government,古田,ok,福建省古田縣,,陳敬侯,子秀,0,1,1,,福建省古田縣 [Fujian Sheng Gutian Xian],1 item,"Box 3, Folder 121",Seller: 陳敬侯 [CHEN Jinghou] -- Buyer: 子秀 [ZI Xiu] -- Place: 福建省古田縣 [Fujian Sheng Gutian Xian] -- Government,https://digital.library.pitt.edu/islandora/object/pitt:31735066267943,https://digital.library.pitt.edu/node/84014/manifest,契尾/稅契憑證,買方 子秀（一般民戶） | 賣方 陳敬侯（一般民戶）,古田契稅局 | 縣政府,,陸振盛,,,Y,,,,,,,,不明,4,子秀[買方/一般民戶] | 陳敬侯[賣方/一般民戶] | 陸振盛[中人/一般民戶] | 古田契稅局[簽發/核准官員/官員/官府],民國新頒契紙補稅乾隆二十四年舊契,中
84015,pitt:31735066267976,1837,1837,1837,,Personal,,unlabeled,,義容,,,1,0,0,,unknown,1 item,"Box 1, Folder 24-1",Owner: 義容 [Yirong] -- Place: unknown -- Personal,https://digital.library.pitt.edu/islandora/object/pitt:31735066267976,https://digital.library.pitt.edu/node/84015/manifest,分家/鬮書,業主/產權人 義容（地主/出租業主，六子之父）,,,,陳明金（叔公）,義安（分家人之叔） | 良光（分家人之兄） | 王繩喜（諸子之母舅） | 毛元斯（表叔）,,,,Y,,,,,族內/親屬間,12,義容[業主/產權人/地主/出租業主/六子之父] | 良和[其他/一般民戶/長男] | 良泰[其他/一般民戶/次男] | 良吉[其他/一般民戶/三男] | 良祿[其他/一般民戶/四男] | 良科[其他/一般民戶/五男] | 良提[其他/一般民戶/六男] | 義安[在見/知見/一般民戶/分家人之叔] | 良光[在見/知見/一般民戶/分家人之兄] | 王繩喜[在見/知見/一般民戶/諸子之母舅] | 毛元斯[在見/知見/一般民戶/表叔] | 陳明金[代筆/一般民戶/叔公],父分產六房詩書易禮春秋，抽養膳田收租，宗親公見,中
84017,pitt:31735066268024,1978,1978,1978,,Government,順昌,ok,福建省順昌縣,楊世平 | 陳道祥,,,2,0,0,,福建省順昌縣 [Fujian Sheng Shunchang Xian],1 item,"Box 4, Folder 210",Owner: 楊世平 [YANG Shiping] and 陳道祥 [CHEN Daoxiang] -- Place: 福建省順昌縣 [Fujian Sheng Shunchang Xian] -- Government,https://digital.library.pitt.edu/islandora/object/pitt:31735066268024,https://digital.library.pitt.edu/node/84017/manifest,其他,,順昌縣元坑公社,同志,,,,,,,,,Y,,,不明,3,順昌縣元坑公社紅星造紙廠[其他/商號/商人] | 楊世平[其他/一般民戶] | 陳道祥[其他/一般民戶],1978年社辦造紙廠介紹信，非土地契；OCR作接平、陈直祥,中
84018,pitt:31735066268032,,,,,,閩侯（閩縣・侯官・林森）,ok,福建省閩侯縣,,,,0,0,0,,福建省閩侯縣 [Fujian Sheng Minhou Xian],1 item,"Box 4, Folder 214",Place: 福建省閩侯縣 [Fujian Sheng Minhou Xian],https://digital.library.pitt.edu/islandora/object/pitt:31735066268032,https://digital.library.pitt.edu/node/84018/manifest,其他,,,,,,,,,,,,Y,,,不明,1,闽侯县上街公社沙堤鞭炮厂[其他/商號/商人],"非契約,為1970年代公社鞭炮廠商標包裝紙,含革命口號",高
84019,pitt:31735066268040,1869/1899,1869,1899,Y,Government,古田,ok,福建省古田縣,阮承苑,黃象智 | 劉貞文,劉貞文 | 陸元盛,1,2,2,,福建省古田縣 [Fujian Sheng Gutian Xian],1 item,"Box 1, Folder 47",Owner: 阮承苑 [RUAN Chengyuan] --Seller: 黃象智 [HUANG Xiangzhi] and 劉貞文[LIU Zhenwen] -- Buyer: 劉貞文 [ LIU Zhenwen] and 陸元盛 [LU Yuansheng]-- Place: 福建省古田縣 [Fujian Sheng Gutian Xian] -- Government,https://digital.library.pitt.edu/islandora/object/pitt:31735066268040,https://digital.library.pitt.edu/node/84019/manifest,賣斷契,賣方 黃象智（一般民戶） | 賣方 黃景元（一般民戶，賣方之叔） | 賣方 黃象炬（一般民戶，賣方之弟） | 賣方 黃象坤（一般民戶，賣方之弟） | 賣方 黃景榕（一般民戶，賣方之叔） | 買方 劉貞文（一般民戶） | 貸方 陸元盛（一般民戶） | 業主/產權人 阮承苑（一般民戶）,福建布政使司,,王清香,吳利潤,黃象蟾（賣方之堂叔） | 黃象運（賣方之堂叔） | 劉長清（劉貞文之胞姪） | 劉貞銓（劉貞文之堂弟）,Y,,,,,,,,非親屬,15,黃象智[賣方/一般民戶] | 黃景元[賣方/一般民戶/賣方之叔] | 黃象炬[賣方/一般民戶/賣方之弟] | 黃象坤[賣方/一般民戶/賣方之弟] | 黃景榕[賣方/一般民戶/賣方之叔] | 黃象蟾[在見/知見/一般民戶/賣方之堂叔] | 黃象運[在見/知見/一般民戶/賣方之堂叔] | 王清香[中人/一般民戶] | 劉貞文[買方/一般民戶] | 陸元盛[貸方/一般民戶] | 劉長清[在見/知見/一般民戶/劉貞文之胞姪] | 劉貞銓[在見/知見/一般民戶/劉貞文之堂弟] | 吳利潤[代筆/一般民戶] | 阮承苑[業主/產權人/一般民戶] | 福建布政使司[簽發/核准官員/官員/官府],黃氏叔侄共賣祖山與劉貞文兄弟；光緒十八年劉貞文以該山當借陸元盛錢加貳伍利；附契尾；景元兼執筆,中
84020,pitt:31735068223258,1850/1923,1850,1923,Y,Personal,閩侯（閩縣・侯官・林森）,ok,福建省閩縣,,游振梅,楊坤貞,0,1,1,,福建省閩縣 [Fujian Sheng Min Xian],1 item,"Box 1, Folder 33A",Seller: 游振梅 [pin yin] -- Buyer: 楊坤貞 [pin yin] -- Place: 福建省閩縣 [Fujian Sheng Min Xian] -- Personal,https://digital.library.pitt.edu/islandora/object/pitt:31735068223258,https://digital.library.pitt.edu/node/84020/manifest,契尾/稅契憑證,賣方 游振梅（一般民戶） | 買方 楊坤貞（一般民戶）,福建財政廳,,,,,Y,,,,,,,,不明,3,游振梅[賣方/一般民戶] | 楊坤貞[買方/一般民戶] | 福建財政廳[簽發/核准官員/官員/官府],"OCR僅存驗稅契證標題,姓名僅見目錄",低
84021,pitt:31735068223266,1864,1864,1864,,Government,閩侯（閩縣・侯官・林森）,ok,福建省閩縣,,吳開揚,陳世旺,0,1,1,,福建省閩縣 [Fujian Sheng Min Xian],1 item,"Box 1, Folder 39A",Seller: 吳開揚 [WU Kaiyang] -- Buyer: 陳世旺 [CHEN Shiwang] -- Place: 福建省閩縣 [Fujian Sheng Min Xian] -- Government,https://digital.library.pitt.edu/islandora/object/pitt:31735068223266,https://digital.library.pitt.edu/node/84021/manifest,契尾/稅契憑證,買方 陳世旺（一般民戶） | 賣方 吳開揚（一般民戶）,布政使司,,,,,Y,,,,,,,,不明,3,陳世旺[買方/一般民戶] | 吳開揚[賣方/一般民戶] | 布政使司[簽發/核准官員/官員/官府],同治元年契尾，OCR殘缺；吳開揚亦見於陳燦祥典契上手,低
84022,pitt:31735068223290,1889/1890,1889,1890,Y,Personal,閩侯（閩縣・侯官・林森）,ok,福建省閩縣,,高金亮,林,0,1,1,,福建省閩縣 [Fujian Sheng Min Xian],1 item,"Box 2, Folder 70A",Seller: 高金亮 [GAO Jinliang] --Buyer: 林 [LIN] -- Place: 福建省閩縣 [Fujian Sheng Min Xian] -- Personal,https://digital.library.pitt.edu/islandora/object/pitt:31735068223290,https://digital.library.pitt.edu/node/84022/manifest,賣斷契,賣方 高金亮（一般民戶） | 買方 林（一般民戶）,福建布政使司,,,,,Y,,,,,,,,不明,3,高金亮[賣方/一般民戶] | 林[買方/一般民戶] | 福建布政使司[簽發/核准官員/官員/官府],附契尾，正文OCR僅為描述，有承保人字樣,低
84023,pitt:31735068223308,1889/1897,1889,1897,Y,Personal,閩侯（閩縣・侯官・林森）,ok,福建省閩縣,,張銓銓,鄒道明,0,1,1,,福建省閩縣 [Fujian Sheng Min Xian],1 item,"Box 2, Folder 70B",Seller: 張銓銓 [ZHANG Quanquan] -- Buyer: 鄒道明 [ZOU Daoming] -- Place: 福建省閩縣 [Fujian Sheng Min Xian] -- Personal,https://digital.library.pitt.edu/islandora/object/pitt:31735068223308,https://digital.library.pitt.edu/node/84023/manifest,賣契(活賣),賣方 張銓銓（一般民戶） | 買方 鄒道明（一般民戶）,,,,,,,,,,,,,,非親屬,4,張銓銓[賣方/一般民戶] | 鄒道明[買方/一般民戶] | 鄭家[鄰人/四至/一般民戶] | 游家[鄰人/四至/一般民戶],承嗣父遺厝屋兩棟賣與鄒道明，OCR作張鈐、鄧道明，文字殘缺,中
84024,pitt:31735068223316,1900,1900,1900,,Personal,,unlabeled,,,鄒允春,秋意軒老人會,0,1,1,,N/A,1 item,"Box 2, Folder 83A",Seller: 鄒允春 [ZOU Yunchun] -- Buyer: 秋意軒老人會 [Qiuyixuan Laoren Hui] -- Place: N/A -- Personal,https://digital.library.pitt.edu/islandora/object/pitt:31735068223316,https://digital.library.pitt.edu/node/84024/manifest,賣斷契,賣方 鄒允春（一般民戶） | 買方 秋意軒老人會（宗族/祠堂/會社）,,,伊細,李松軒,黃公鈞（賣方之表弟）,,,,,,,Y,,非親屬,5,鄒允春[賣方/一般民戶] | 秋意軒老人會[買方/宗族/祠堂/會社] | 黃公鈞[在見/知見/一般民戶/賣方之表弟] | 伊細[中人/一般民戶] | 李松軒[代筆/一般民戶],父置厝屋賣斷與老人會（會社法人）；OCR賣方作鄒先燕,中
84025,pitt:31735068223324,1906/1955,1906,1955,Y,Personal,閩侯（閩縣・侯官・林森）,ok,福建省閩侯縣,,郭成亮,王駿發,0,1,1,,福建省閩侯縣 [Fujian Sheng Minhou Xian],1 item,"Box 2, Folder 88A",Seller: 郭成亮 [GUO Chengliang] -- Buyer: 王駿發 [WANG Junfa] -- Place: 福建省閩侯縣 [Fujian Sheng Minhou Xian] -- Personal,https://digital.library.pitt.edu/islandora/object/pitt:31735068223324,https://digital.library.pitt.edu/node/84025/manifest,賣斷契,賣方 郭成亮（一般民戶） | 買方 王駿發（一般民戶）,,,,,,,,,,,,,,不明,3,郭成亮[賣方/一般民戶] | 王駿發[買方/一般民戶] | 林玉明[其他/不明],"光緒年間屋宇賣斷契殘片,OCR嚴重殘缺,當事人名據目錄",低
84026,pitt:31735068223332,1906/1921,1906,1921,Y,Personal,閩侯（閩縣・侯官・林森）,ok,福建閩侯縣,,郭宗仲,王齊發,0,1,1,,福建閩侯縣 [Fujian Sheng Minhou Xian],1 item,"Box 2, Folder 88B",Seller: 郭宗仲 [GUO Zongzhong] -- Buyer: 王齊發 [WANG Qifa] -- Place: 福建閩侯縣 [Fujian Sheng Minhou Xian] -- Personal,https://digital.library.pitt.edu/islandora/object/pitt:31735068223332,https://digital.library.pitt.edu/node/84026/manifest,契尾/稅契憑證,賣方 郭宗仲（不明） | 買方 王齊發（不明）,,,,,,,,,,,,,,不明,2,郭宗仲[賣方/不明] | 王齊發[買方/不明],OCR僅存民國十年官契紙例則摘要表頭及光緒二十六年，人名據目錄,低
84027,pitt:31735068223357,1910/1915,1910,1915,Y,Personal,閩侯（閩縣・侯官・林森）,ok,福建閩侯縣,,方兆揚,方亨猷,0,1,1,,福建閩侯縣 [Fujian Sheng Minhou Xian],1 item,"Box 2, Folder 93A",Seller: 方兆揚 [FANG Zhaoyang] -- Buyer: 方亨猷 [FANG Hengyou] -- Place: 福建閩侯縣 [Fujian Sheng Minhou Xian] -- Personal,https://digital.library.pitt.edu/islandora/object/pitt:31735068223357,https://digital.library.pitt.edu/node/84027/manifest,典契,典出方 方兆揚（一般民戶） | 典入方 方亨猷（一般民戶）,福建財政廳 | 福建國稅廳籌備處 | 財政部,,王志堅,,高氏（典出方之母） | 方輝揚（典出方之弟）,Y,,,,,,,高氏,不明,6,方兆揚[典出方/一般民戶] | 方亨猷[典入方/一般民戶] | 高氏[在見/知見/一般民戶/典出方之母] | 方輝揚[在見/知見/一般民戶/典出方之弟] | 王志堅[中人/一般民戶] | 福建財政廳[簽發/核准官員/官員/官府],"祖遺田根出典,限滿取贖;OCR買主作方子啟,民國四年契單",中
84028,pitt:31735068223365,1913/1928,1913,1928,Y,Government,永泰（永福）,ok,福建省永泰縣,陳琮細,,,1,0,0,,福建省永泰縣 [Fujian Sheng Yongtai Xian],1 item,"Box 2, Folder 100A",Owner: 陳琮細 [CHEN Congxi] -- Place: 福建省永泰縣 [Fujian Sheng Yongtai Xian] -- Government,https://digital.library.pitt.edu/islandora/object/pitt:31735068223365,https://digital.library.pitt.edu/node/84028/manifest,契尾/稅契憑證,業主/產權人 陳琮細（一般民戶）,福建國稅廳籌備處 | 福建財政廳,,,,,Y,,,,,,,,不明,3,陳琮細[業主/產權人/一般民戶] | 福建國稅廳籌備處[簽發/核准官員/官員/官府] | 福建財政廳[簽發/核准官員/官員/官府],民初契單與民國十七年驗稅契證，內容多空白,高
84029,pitt:31735068223373,1918/1932,1918,1932,Y,Personal,閩侯（閩縣・侯官・林森）,ok,福建省閩侯縣,,陳吳氏,吳右岩,0,1,1,,福建省閩侯縣 [Fujian Sheng Minhou Xian],1 item,"Box 2, Folder 108A",Seller: 陳吳氏 [CHEN Wushi] -- Buyer: 吳右岩 [WU Youyan] -- Place: 福建省閩侯縣 [Fujian Sheng Minhou Xian] -- Personal,https://digital.library.pitt.edu/islandora/object/pitt:31735068223373,https://digital.library.pitt.edu/node/84029/manifest,找貼/加找契,賣方 陳吳氏（一般民戶） | 買方 吳右岩（一般民戶）,閩侯縣 | 地方初級廳,,吳維清,陳九齡,陳廣祥（賣方之子） | 陳大焜（賣方之孫） | 陳友祥（賣方之子） | 陳兆祥（賣方之子） | 顏德和（公親）,Y,,,,,,,陳吳氏,不明,13,陳吳氏[賣方/一般民戶] | 吳右岩[買方/一般民戶] | 陳燦祥[其他/一般民戶/賣方之次男] | 陳廣祥[在見/知見/一般民戶/賣方之子] | 陳大焜[在見/知見/一般民戶/賣方之孫] | 陳友祥[在見/知見/一般民戶/賣方之子] | 陳兆祥[在見/知見/一般民戶/賣方之子] | 陳必清[其他/一般民戶] | 顏德和[在見/知見/一般民戶/公親] | 吳維清[中人/一般民戶] | 陳九齡[代筆/一般民戶] | 地方初級廳[其他/官員/官府] | 閩侯縣[簽發/核准官員/官員/官府],"寡婦因負債被控、次男避債,將亡夫典得牆屋湊賣斷;接7504典契;買方收租",中
84030,pitt:31735068223381,1923/1930,1923,1930,Y,Personal,永泰（永福）,ok,福建省永泰縣,,聖余,西房眾,0,1,1,,福建省永泰縣 [Fujian Sheng Yongtai Xian],1 item,"Box 3, Folder 118A",Seller: 聖余 [SHENG Yu] -- Buyer: 西房眾 [Xi Fang Zhong] -- Place: 福建省永泰縣 [Fujian Sheng Yongtai Xian] -- Personal,https://digital.library.pitt.edu/islandora/object/pitt:31735068223381,https://digital.library.pitt.edu/node/84030/manifest,賣契(活賣),賣方 聖余（一般民戶） | 買方 西房眾（宗族/祠堂/會社）,國民政府財政部 | 永泰縣(驗稅契證),,,愛輝（賣方之宗叔）,郭氏（賣方之母） | 聖道（賣方之弟）,Y,,,Y,,,Y,郭氏,不明,8,聖余[賣方/一般民戶] | 西房眾[買方/宗族/祠堂/會社] | 登乾[其他/地主/出租業主] | 郭氏[在見/知見/一般民戶/賣方之母] | 聖道[在見/知見/一般民戶/賣方之弟] | 愛輝[代筆/一般民戶/賣方之宗叔] | 孫觀實[其他/一般民戶] | 國民政府財政部[簽發/核准官員/官員/官府],佃田賣與西房眾，五年限贖；田須向登乾納租；驗契證業戶作西房長泰,中
84031,pitt:31735068223399,1924/1928,1924,1928,Y,Government,閩侯（閩縣・侯官・林森）,ok,福建聲閩侯縣,,王三妹,陳軍漢,0,1,1,,福建聲閩侯縣 [Fujian Sheng Minhou Xian],1 item,"Box 3, Folder 119A",Seller: 王三妹 [WANG Sanmei] -- Buyer: 陳軍漢 [CHEN Junhan] -- Place: 福建聲閩侯縣 [Fujian Sheng Minhou Xian] -- Government,https://digital.library.pitt.edu/islandora/object/pitt:31735068223399,https://digital.library.pitt.edu/node/84031/manifest,契尾/稅契憑證,典出方 王三妹（一般民戶） | 典出方 林武欽（一般民戶） | 典入方 陳軍漢（一般民戶）,福建財政廳 | 閩侯縣署,,,,,Y,Y,,,,,,,不明,6,王三妹[典出方/一般民戶] | 林武欽[典出方/一般民戶] | 陳軍漢[典入方/一般民戶] | 福建財政廳[簽發/核准官員/官員/官府] | 蔡海鈞[經辦/登記人員/基層職役] | 張景[經辦/登記人員/基層職役],民國十三年官頒典契紙及十七年驗稅契證；出典人二名,中
84033,pitt:31735068223407,1927,1927,1927,,Government,永泰（永福）,ok,福建省永泰縣,,陳兆濤,陳兆和,0,1,1,,福建省永泰縣 [Fujian Sheng Yongtai Xian],1 item,"Box 3, Folder 131A",Seller: 陳兆濤 [CHEN Zhaotao] -- Buyer: 陳兆和 [CHEN Zhaohe] -- Place: 福建省永泰縣 [Fujian Sheng Yongtai Xian] -- Government,https://digital.library.pitt.edu/islandora/object/pitt:31735068223407,https://digital.library.pitt.edu/node/84033/manifest,契尾/稅契憑證,買方 陳兆和（一般民戶） | 賣方 陳兆濤（一般民戶）,福建財政廳 | 縣,,,,,Y,,,,,,,,不明,3,陳兆和[買方/一般民戶] | 陳兆濤[賣方/一般民戶] | 福建財政廳[簽發/核准官員/官員/官府],"契稅清查證,原民國七年賣契屋;OCR賣主作陳兆清",中
84034,pitt:31735068223415,1929,1929,1929,,Government,閩侯（閩縣・侯官・林森）,ok,福建省閩侯縣,,程道魯,程楊春,0,1,1,,福建省閩侯縣 [Fujian Sheng Minhou Xian],1 item,"Box 3, Folder 140A",Seller: 程道魯 [CHENG Daolu] -- Buyer: 程楊春 [CHENG Yangchun] -- Place: 福建省閩侯縣 [Fujian Sheng Minhou Xian] -- Government,https://digital.library.pitt.edu/islandora/object/pitt:31735068223415,https://digital.library.pitt.edu/node/84034/manifest,契尾/稅契憑證,業主/產權人 程瑞春（一般民戶） | 典出方 程道魯（一般民戶）,福建省政府財政廳 | 閩侯縣政府 | 第一區區長,,程道法,,,Y,,,,,,,,不明,5,程瑞春[業主/產權人/一般民戶] | 程道魯[典出方/一般民戶] | 程道法[中人/一般民戶] | 福建省政府財政廳[簽發/核准官員/官員/官府] | 閩侯縣政府[簽發/核准官員/官員/官府],驗契證，出典主程道魯，業主即程由文；目錄作程楊春；同姓無親屬稱謂,中
84035,pitt:31735068223423,1929/1935,1929,1935,Y,Personal,閩侯（閩縣・侯官・林森）,ok,福建省閩侯縣,,陳太記,陳宿漙,0,1,1,,福建省閩侯縣 [Fujian Sheng Minhou Xian],1 item,"Box 3, Folder 140B",Seller: 陳太記 [CHEN Taiji] -- Buyer: 陳宿漙 [CHEN Sutuan] -- Place: 福建省閩侯縣 [Fujian Sheng Minhou Xian] -- Personal,https://digital.library.pitt.edu/islandora/object/pitt:31735068223423,https://digital.library.pitt.edu/node/84035/manifest,賣斷契,賣方 陳太記（商號/商人） | 買方 陳宿漙（一般民戶，本族）,福建省政府財政廳 | 閩侯縣 | 不動產稅務局,,,陳桂能（中弟）,林邦湖（亞弟） | 陳宿開,Y,,,,,Y,,,族內/親屬間,7,陳太記[賣方/商號/商人] | 陳宿漙[買方/一般民戶/本族] | 林邦湖[在見/知見/一般民戶/亞弟] | 陳宿開[在見/知見/一般民戶] | 陳桂能[代筆/一般民戶/中弟] | 福建省政府財政廳[簽發/核准官員/官員/官府] | 不動產稅務局[經辦/登記人員/官員/官府],"賣方為太記號,因乏用賣田與本族陳宿清(目錄作漙),來春付買主起佃",中
84036,pitt:31735068223431,1929/1935,1929,1935,Y,Government,閩侯（閩縣・侯官・林森）,ok,福建省閩侯縣,,陳宿康,陳桂修,0,1,1,,福建省閩侯縣 [Fujian Sheng Minhou Xian],1 item,"Box 3, Folder 140C",Seller: 陳宿康 [CHEN Sukang] -- Buyer: 陳桂修 [CHEN Guixiu] -- Place: 福建省閩侯縣 [Fujian Sheng Minhou Xian] -- Government,https://digital.library.pitt.edu/islandora/object/pitt:31735068223431,https://digital.library.pitt.edu/node/84036/manifest,契尾/稅契憑證,買方 陳桂修（一般民戶） | 賣方 陳宿康（一般民戶）,福建省政府財政廳 | 閩侯縣政府 | 第六區區長 | 國民政府財政部,保長 | 鄉長,陳文明,,第三保保長,Y,Y,,,,,,,不明,7,陳桂修[買方/一般民戶] | 陳宿康[賣方/一般民戶] | 陳文明[中人/一般民戶] | 福建省政府財政廳[簽發/核准官員/官員/官府] | 閩侯縣政府[簽發/核准官員/官員/官府] | 第六區區長[簽發/核准官員/基層職役] | 第三保保長[在見/知見/基層職役],"民國18年驗稅契證與29年驗契證;同姓陳但無親屬稱謂;表內作出典主,另頁作賣契",中
84037,pitt:31735068223449,1932/1935,1932,1935,Y,Personal,閩侯（閩縣・侯官・林森）,ok,福建省閩侯縣,,陳聖榜,陳桂修,0,1,1,,福建省閩侯縣 [Fujian Sheng Minhou Xian],1 item,"Box 3, Folder 147A",Seller: 陳聖榜 [CHEN Shengbang] -- Buyer: 陳桂修 [CHEN Guixiu] -- Place: 福建省閩侯縣 [Fujian Sheng Minhou Xian] -- Personal,https://digital.library.pitt.edu/islandora/object/pitt:31735068223449,https://digital.library.pitt.edu/node/84037/manifest,賣斷契,賣方 陳聖榜（一般民戶，買方之侄） | 買方 陳桂修（一般民戶，賣方之本房叔）,福建省政府財政廳 | 閩侯縣契稅局 | 第六區區長 林松,,,陳宿贈（房叔）,長松（侄）,Y,,,,,,,,族內/親屬間,7,陳聖榜[賣方/一般民戶/買方之侄] | 陳桂修[買方/一般民戶/賣方之本房叔] | 陳宿贈[代筆/一般民戶/房叔] | 長松[在見/知見/不明/侄] | 林松[簽發/核准官員/官員/官府] | 福建省政府財政廳[簽發/核准官員/官員/官府] | 閩侯縣契稅局[簽發/核准官員/官員/官府],"侄因乏用將鬮分田賣斷與本房叔,叔來春起佃;附官契及驗契證",中
84038,pitt:31735068223456,1935,1935,1935,,Government,閩清,ok,福建省閩清縣,,劉人科,劉子知後裔,0,1,1,,福建省閩清縣 [Fujian Sheng Minqing Xian],1 item,"Box 3, Folder 155A",Seller: 劉人科 [LIU Renke] -- Buyer: 劉子知後裔 [descendants of LIU Zizhi] -- Place: 福建省閩清縣 [Fujian Sheng Minqing Xian] -- Government,https://digital.library.pitt.edu/islandora/object/pitt:31735068223456,https://digital.library.pitt.edu/node/84038/manifest,契尾/稅契憑證,賣方 劉人科（不明） | 買方 劉子知後裔（不明）,,,,,,,,,,,,,,不明,2,劉人科[賣方/不明] | 劉子知後裔[買方/不明],OCR僅「稅字第…契」重複，不可讀；目錄稱買方為劉子知後裔(族眾),低
84039,pitt:31735068223464,1948,1948,1948,,,,non_fujian,上海市,余挹岩,,,1,0,0,,上海市 [Shanghai Shi],1 item,"Box 4, Folder 188A",Owner: 余挹岩 [YU Yiyan] -- Place: 上海市 [Shanghai Shi] -- Property Charity bazaar letter,https://digital.library.pitt.edu/islandora/object/pitt:31735068223464,https://digital.library.pitt.edu/node/84039/manifest,其他,業主/產權人 余挹巖（一般民戶）,,,,,,,,,,,Y,Y,,不明,4,余挹巖[業主/產權人/一般民戶] | 上海市冬令救濟委員會房屋義賣部[其他/宗族/祠堂/會社] | 中國產物保險公司[其他/商號/商人] | 貴州省中小科學儀器製造廠[其他/商號/商人],"救濟委員會房屋義賣券中獎領證通知,設於市商會內;第二頁為無關商號信箋",中
84040,pitt:31735068223472,1951,1951,1951,,Personal,閩侯（閩縣・侯官・林森）,ok,福建省閩侯縣,,王細細弟,王炳凱,0,1,1,,福建省閩侯縣 [Fujian Sheng Minhou Xian],1 item,"Box 4, Folder 195A",Seller: 王細細弟 [Younger brother of WANG Xixi] -- Buyer: 王炳凱 [WANG Bingkai] -- Place: 福建省閩侯縣 [Fujian Sheng Minhou Xian] -- Personal,https://digital.library.pitt.edu/islandora/object/pitt:31735068223472,https://digital.library.pitt.edu/node/84040/manifest,其他,賣方 王細細弟（一般民戶） | 買方 王炳凱（一般民戶）,,,,,,,,,,,,,,不明,2,王細細弟[賣方/一般民戶] | 王炳凱[買方/一般民戶],繼承契：父祖已故，民國廿三年已賣王炳凱並登記，為契稅需要補立,高
2389496,pitt:us-ppiu-eal201101,,,,,,,unlabeled,,,,,0,0,0,,,240 items; (5 boxes),,"Guide to the Chinese Land Records, 1584-1978 ",https://digital.library.pitt.edu/islandora/object/pitt:us-ppiu-eal201101,https://digital.library.pitt.edu/node/2389496/manifest,其他,,,,,,,,,,,,,,,不明,0,,非契約：館藏指南條目，無OCR,低
